label,file
bics,bics/bike_185.bmp
bics,bics/bike_224.bmp
bics,bics/bike_056.bmp
bics,bics/bike_140.bmp
bics,bics/bike_035.bmp
bics,bics/bike_022.bmp
bics,bics/bike_218.bmp
bics,bics/bike_190.bmp
bics,bics/bike_047.bmp
bics,bics/bike_030.bmp
bics,bics/bike_223.bmp
bics,bics/bike_039.bmp
bics,bics/bike_162.bmp
bics,bics/bike_158.bmp
bics,bics/bike_228.bmp
bics,bics/bike_214.bmp
bics,bics/bike_108.bmp
bics,bics/bike_107.bmp
bics,bics/bike_207.bmp
bics,bics/bike_172.bmp
bics,bics/bike_038.bmp
bics,bics/bike_116.bmp
bics,bics/bike_014.bmp
bics,bics/bike_123.bmp
bics,bics/bike_142.bmp
bics,bics/bike_210.bmp
bics,bics/bike_134.bmp
bics,bics/bike_069.bmp
bics,bics/bike_137.bmp
bics,bics/bike_192.bmp
bics,bics/bike_105.bmp
bics,bics/bike_124.bmp
bics,bics/bike_117.bmp
bics,bics/bike_092.bmp
bics,bics/bike_171.bmp
bics,bics/bike_150.bmp
bics,bics/bike_173.bmp
bics,bics/bike_201.bmp
bics,bics/bike_091.bmp
bics,bics/bike_109.bmp
bics,bics/bike_135.bmp
bics,bics/bike_083.bmp
bics,bics/bike_176.bmp
bics,bics/bike_119.bmp
bics,bics/bike_193.bmp
bics,bics/bike_006.bmp
bics,bics/bike_027.bmp
bics,bics/bike_115.bmp
bics,bics/bike_226.bmp
bics,bics/bike_017.bmp
bics,bics/bike_230.bmp
bics,bics/bike_059.bmp
bics,bics/bike_050.bmp
bics,bics/bike_138.bmp
bics,bics/bike_181.bmp
bics,bics/bike_216.bmp
bics,bics/bike_093.bmp
bics,bics/bike_023.bmp
bics,bics/bike_175.bmp
bics,bics/bike_010.bmp
bics,bics/bike_153.bmp
bics,bics/bike_132.bmp
bics,bics/bike_188.bmp
bics,bics/bike_009.bmp
bics,bics/bike_104.bmp
bics,bics/bike_120.bmp
bics,bics/bike_052.bmp
bics,bics/bike_114.bmp
bics,bics/bike_136.bmp
bics,bics/bike_149.bmp
bics,bics/bike_170.bmp
bics,bics/bike_070.bmp
bics,bics/bike_240.bmp
bics,bics/bike_005.bmp
bics,bics/bike_012.bmp
bics,bics/bike_164.bmp
bics,bics/bike_121.bmp
bics,bics/bike_239.bmp
bics,bics/bike_182.bmp
bics,bics/bike_159.bmp
bics,bics/bike_013.bmp
bics,bics/bike_021.bmp
bics,bics/bike_078.bmp
bics,bics/bike_045.bmp
bics,bics/bike_090.bmp
bics,bics/bike_125.bmp
bics,bics/bike_100.bmp
bics,bics/bike_167.bmp
bics,bics/bike_016.bmp
bics,bics/bike_146.bmp
bics,bics/bike_205.bmp
bics,bics/bike_225.bmp
bics,bics/bike_203.bmp
bics,bics/bike_106.bmp
bics,bics/bike_075.bmp
bics,bics/bike_126.bmp
bics,bics/bike_129.bmp
bics,bics/bike_031.bmp
bics,bics/bike_148.bmp
bics,bics/bike_155.bmp
bics,bics/bike_036.bmp
bics,bics/bike_212.bmp
bics,bics/bike_236.bmp
bics,bics/bike_103.bmp
bics,bics/bike_208.bmp
bics,bics/bike_095.bmp
bics,bics/bike_189.bmp
bics,bics/bike_008.bmp
bics,bics/bike_088.bmp
bics,bics/bike_112.bmp
bics,bics/bike_099.bmp
bics,bics/bike_110.bmp
bics,bics/bike_128.bmp
bics,bics/bike_199.bmp
bics,bics/bike_071.bmp
bics,bics/bike_133.bmp
bics,bics/bike_186.bmp
bics,bics/bike_086.bmp
bics,bics/bike_168.bmp
bics,bics/bike_101.bmp
bics,bics/bike_015.bmp
bics,bics/bike_219.bmp
bics,bics/bike_046.bmp
bics,bics/bike_026.bmp
bics,bics/bike_139.bmp
bics,bics/bike_076.bmp
bics,bics/bike_033.bmp
bics,bics/bike_151.bmp
bics,bics/bike_074.bmp
bics,bics/bike_166.bmp
bics,bics/bike_066.bmp
bics,bics/bike_147.bmp
bics,bics/bike_111.bmp
bics,bics/bike_161.bmp
bics,bics/bike_077.bmp
bics,bics/bike_064.bmp
bics,bics/bike_154.bmp
bics,bics/bike_072.bmp
bics,bics/bike_044.bmp
bics,bics/bike_102.bmp
bics,bics/bike_234.bmp
bics,bics/bike_238.bmp
bics,bics/bike_222.bmp
bics,bics/bike_063.bmp
bics,bics/bike_195.bmp
bics,bics/bike_178.bmp
bics,bics/bike_037.bmp
bics,bics/bike_127.bmp
bics,bics/bike_065.bmp
bics,bics/bike_163.bmp
bics,bics/bike_122.bmp
bics,bics/bike_169.bmp
bics,bics/bike_174.bmp
bics,bics/bike_085.bmp
bics,bics/bike_145.bmp
bics,bics/bike_004.bmp
bics,bics/bike_165.bmp
bics,bics/bike_068.bmp
bics,bics/bike_082.bmp
bics,bics/bike_025.bmp
bics,bics/bike_235.bmp
bics,bics/bike_040.bmp
bics,bics/bike_080.bmp
bics,bics/bike_160.bmp
bics,bics/bike_057.bmp
bics,bics/bike_211.bmp
bics,bics/carf2.jpg
bics,bics/bike_084.bmp
bics,bics/bike_152.bmp
bics,bics/bike_020.bmp
bics,bics/bike_061.bmp
bics,bics/bike_089.bmp
bics,bics/bike_049.bmp
bics,bics/bike_055.bmp
bics,bics/bike_060.bmp
bics,bics/bike_157.bmp
bics,bics/bike_177.bmp
bics,bics/bike_217.bmp
bics,bics/bike_002.bmp
bics,bics/bike_130.bmp
bics,bics/bike_237.bmp
bics,bics/bike_024.bmp
bics,bics/bike_094.bmp
bics,bics/bike_011.bmp
bics,bics/bike_144.bmp
bics,bics/bike_220.bmp
bics,bics/bike_028.bmp
bics,bics/bike_184.bmp
bics,bics/bike_096.bmp
bics,bics/bike_187.bmp
bics,bics/bike_067.bmp
bics,bics/bike_087.bmp
bics,bics/bike_058.bmp
bics,bics/bike_113.bmp
bics,bics/bike_209.bmp
bics,bics/bike_196.bmp
bics,bics/bike_213.bmp
bics,bics/bike_053.bmp
bics,bics/bike_048.bmp
bics,bics/bike_141.bmp
bics,bics/bike_042.bmp
bics,bics/bike_062.bmp
bics,bics/bike_194.bmp
bics,bics/bike_204.bmp
bics,bics/bike_007.bmp
bics,bics/bike_206.bmp
bics,bics/bike_034.bmp
bics,bics/bike_202.bmp
bics,bics/bike_019.bmp
bics,bics/bike_097.bmp
bics,bics/bike_215.bmp
bics,bics/bike_191.bmp
bics,bics/bike_198.bmp
bics,bics/bike_221.bmp
bics,bics/bike_232.bmp
bics,bics/bike_073.bmp
bics,bics/bike_003.bmp
bics,bics/bike_156.bmp
bics,bics/bike_179.bmp
bics,bics/bike_001.bmp
bics,bics/bike_043.bmp
bics,bics/bike_118.bmp
bics,bics/bike_051.bmp
bics,bics/bike_229.bmp
bics,bics/bike_081.bmp
bics,bics/bike_131.bmp
bics,bics/bike_029.bmp
bics,bics/bike_032.bmp
bics,bics/bike_180.bmp
bics,bics/bike_183.bmp
bics,bics/bike_200.bmp
bics,bics/bike_231.bmp
bics,bics/bike_041.bmp
bics,bics/bike_143.bmp
bics,bics/bike_054.bmp
bics,bics/bike_227.bmp
bics,bics/bike_098.bmp
bics,bics/bike_233.bmp
bics,bics/bike_197.bmp
bics,bics/bike_018.bmp
bics,bics/bike_079.bmp
cars,cars/carsgraz_247.bmp
cars,cars/carsgraz_235.bmp
cars,cars/carsgraz_018.bmp
cars,cars/carsgraz_081.bmp
cars,cars/carsgraz_187.bmp
cars,cars/carsgraz_026.bmp
cars,cars/carsgraz_140.bmp
cars,cars/carsgraz_008.bmp
cars,cars/carsgraz_173.bmp
cars,cars/carsgraz_137.bmp
cars,cars/carsgraz_142.bmp
cars,cars/carsgraz_060.bmp
cars,cars/carsgraz_147.bmp
cars,cars/carsgraz_209.bmp
cars,cars/carsgraz_225.bmp
cars,cars/carsgraz_051.bmp
cars,cars/carsgraz_038.bmp
cars,cars/carsgraz_016.bmp
cars,cars/carsgraz_052.bmp
cars,cars/carsgraz_120.bmp
cars,cars/carsgraz_190.bmp
cars,cars/carsgraz_109.bmp
cars,cars/carsgraz_103.bmp
cars,cars/carsgraz_252.bmp
cars,cars/carsgraz_155.bmp
cars,cars/carsgraz_036.bmp
cars,cars/carsgraz_045.bmp
cars,cars/carsgraz_073.bmp
cars,cars/carsgraz_049.bmp
cars,cars/carsgraz_005.bmp
cars,cars/carsgraz_031.bmp
cars,cars/carsgraz_182.bmp
cars,cars/carsgraz_211.bmp
cars,cars/carsgraz_133.bmp
cars,cars/carsgraz_216.bmp
cars,cars/carsgraz_229.bmp
cars,cars/carsgraz_119.bmp
cars,cars/carsgraz_102.bmp
cars,cars/carsgraz_201.bmp
cars,cars/carsgraz_089.bmp
cars,cars/carsgraz_035.bmp
cars,cars/carsgraz_123.bmp
cars,cars/carsgraz_171.bmp
cars,cars/carsgraz_196.bmp
cars,cars/carsgraz_021.bmp
cars,cars/carsgraz_141.bmp
cars,cars/carsgraz_178.bmp
cars,cars/carsgraz_203.bmp
cars,cars/carsgraz_213.bmp
cars,cars/carsgraz_033.bmp
cars,cars/carsgraz_009.bmp
cars,cars/carsgraz_086.bmp
cars,cars/carsgraz_197.bmp
cars,cars/carsgraz_029.bmp
cars,cars/carsgraz_113.bmp
cars,cars/carsgraz_138.bmp
cars,cars/carsgraz_135.bmp
cars,cars/carsgraz_143.bmp
cars,cars/carsgraz_160.bmp
cars,cars/carsgraz_185.bmp
cars,cars/carsgraz_129.bmp
cars,cars/carsgraz_117.bmp
cars,cars/carsgraz_162.bmp
cars,cars/carsgraz_180.bmp
cars,cars/carsgraz_234.bmp
cars,cars/carsgraz_104.bmp
cars,cars/carsgraz_126.bmp
cars,cars/carsgraz_198.bmp
cars,cars/carsgraz_161.bmp
cars,cars/carsgraz_064.bmp
cars,cars/carsgraz_122.bmp
cars,cars/carsgraz_238.bmp
cars,cars/carsgraz_084.bmp
cars,cars/carsgraz_215.bmp
cars,cars/carsgraz_041.bmp
cars,cars/carsgraz_219.bmp
cars,cars/carsgraz_014.bmp
cars,cars/carsgraz_110.bmp
cars,cars/carsgraz_024.bmp
cars,cars/carsgraz_037.bmp
cars,cars/carsgraz_097.bmp
cars,cars/carsgraz_167.bmp
cars,cars/carsgraz_121.bmp
cars,cars/carsgraz_002.bmp
cars,cars/carsgraz_231.bmp
cars,cars/carsgraz_249.bmp
cars,cars/carsgraz_101.bmp
cars,cars/carsgraz_124.bmp
cars,cars/carsgraz_192.bmp
cars,cars/carsgraz_001.bmp
cars,cars/carsgraz_227.bmp
cars,cars/carsgraz_088.bmp
cars,cars/carsgraz_145.bmp
cars,cars/carsgraz_226.bmp
cars,cars/carsgraz_236.bmp
cars,cars/carsgraz_099.bmp
cars,cars/carsgraz_130.bmp
cars,cars/carsgraz_106.bmp
cars,cars/carsgraz_230.bmp
cars,cars/carsgraz_114.bmp
cars,cars/carsgraz_074.bmp
cars,cars/carsgraz_058.bmp
cars,cars/carsgraz_125.bmp
cars,cars/carsgraz_128.bmp
cars,cars/carsgraz_204.bmp
cars,cars/carsgraz_191.bmp
cars,cars/carsgraz_022.bmp
cars,cars/carsgraz_025.bmp
cars,cars/carsgraz_063.bmp
cars,cars/carsgraz_072.bmp
cars,cars/carsgraz_243.bmp
cars,cars/carsgraz_205.bmp
cars,cars/carsgraz_189.bmp
cars,cars/carsgraz_175.bmp
cars,cars/carsgraz_078.bmp
cars,cars/carsgraz_013.bmp
cars,cars/carsgraz_043.bmp
cars,cars/carsgraz_068.bmp
cars,cars/carsgraz_003.bmp
cars,cars/carsgraz_159.bmp
cars,cars/carsgraz_070.bmp
cars,cars/carsgraz_111.bmp
cars,cars/carsgraz_151.bmp
cars,cars/carsgraz_053.bmp
cars,cars/carsgraz_246.bmp
cars,cars/carsgraz_054.bmp
cars,cars/carsgraz_217.bmp
cars,cars/carsgraz_214.bmp
cars,cars/carsgraz_222.bmp
cars,cars/carsgraz_237.bmp
cars,cars/carsgraz_251.bmp
cars,cars/carsgraz_020.bmp
cars,cars/carsgraz_156.bmp
cars,cars/carsgraz_208.bmp
cars,cars/carsgraz_006.bmp
cars,cars/carsgraz_150.bmp
cars,cars/carsgraz_055.bmp
cars,cars/carsgraz_195.bmp
cars,cars/carsgraz_233.bmp
cars,cars/carsgraz_172.bmp
cars,cars/carsgraz_098.bmp
cars,cars/carsgraz_194.bmp
cars,cars/carsgraz_080.bmp
cars,cars/carsgraz_092.bmp
cars,cars/carsgraz_090.bmp
cars,cars/carsgraz_210.bmp
cars,cars/carsgraz_221.bmp
cars,cars/carsgraz_116.bmp
cars,cars/carsgraz_069.bmp
cars,cars/carsgraz_028.bmp
cars,cars/carsgraz_059.bmp
cars,cars/carsgraz_012.bmp
cars,cars/carsgraz_040.bmp
cars,cars/carsgraz_057.bmp
cars,cars/carsgraz_115.bmp
cars,cars/carsgraz_118.bmp
cars,cars/carsgraz_170.bmp
cars,cars/carsgraz_176.bmp
cars,cars/carsgraz_050.bmp
cars,cars/carsgraz_075.bmp
cars,cars/carsgraz_136.bmp
cars,cars/carsgraz_071.bmp
cars,cars/carsgraz_157.bmp
cars,cars/carsgraz_241.bmp
cars,cars/carsgraz_007.bmp
cars,cars/carsgraz_100.bmp
cars,cars/carsgraz_169.bmp
cars,cars/carsgraz_083.bmp
cars,cars/carsgraz_202.bmp
cars,cars/carsgraz_146.bmp
cars,cars/carsgraz_239.bmp
cars,cars/carsgraz_105.bmp
cars,cars/carsgraz_079.bmp
cars,cars/carsgraz_082.bmp
cars,cars/carsgraz_077.bmp
cars,cars/carsgraz_242.bmp
cars,cars/carsgraz_056.bmp
cars,cars/carsgraz_039.bmp
cars,cars/carsgraz_085.bmp
cars,cars/carsgraz_149.bmp
cars,cars/carsgraz_152.bmp
cars,cars/carsgraz_188.bmp
cars,cars/carsgraz_048.bmp
cars,cars/carsgraz_087.bmp
cars,cars/carsgraz_158.bmp
cars,cars/carsgraz_193.bmp
cars,cars/carsgraz_212.bmp
cars,cars/carsgraz_223.bmp
cars,cars/carsgraz_218.bmp
cars,cars/carsgraz_093.bmp
cars,cars/carsgraz_177.bmp
cars,cars/carsgraz_061.bmp
cars,cars/carsgraz_224.bmp
cars,cars/carsgraz_148.bmp
cars,cars/carsgraz_066.bmp
cars,cars/carsgraz_076.bmp
cars,cars/carsgraz_004.bmp
cars,cars/carsgraz_153.bmp
cars,cars/carsgraz_154.bmp
cars,cars/carsgraz_166.bmp
cars,cars/carsgraz_240.bmp
cars,cars/carsgraz_186.bmp
cars,cars/carsgraz_200.bmp
cars,cars/carsgraz_067.bmp
cars,cars/carsgraz_046.bmp
cars,cars/carsgraz_144.bmp
cars,cars/carsgraz_168.bmp
cars,cars/carsgraz_206.bmp
cars,cars/carsgraz_245.bmp
cars,cars/carsgraz_220.bmp
cars,cars/carsgraz_034.bmp
cars,cars/carsgraz_010.bmp
cars,cars/carsgraz_011.bmp
cars,cars/carsgraz_015.bmp
cars,cars/carsgraz_030.bmp
cars,cars/carsgraz_047.bmp
cars,cars/carsgraz_019.bmp
cars,cars/carsgraz_134.bmp
cars,cars/carsgraz_248.bmp
cars,cars/carsgraz_131.bmp
cars,cars/carsgraz_132.bmp
cars,cars/carsgraz_164.bmp
cars,cars/carsgraz_032.bmp
cars,cars/carsgraz_183.bmp
cars,cars/carsgraz_244.bmp
cars,cars/carsgraz_163.bmp
cars,cars/carsgraz_165.bmp
cars,cars/carsgraz_232.bmp
cars,cars/carsgraz_179.bmp
cars,cars/carsgraz_139.bmp
cars,cars/carsgraz_228.bmp
cars,cars/carsgraz_174.bmp
cars,cars/carsgraz_094.bmp
cars,cars/carsgraz_091.bmp
cars,cars/carsgraz_108.bmp
cars,cars/carsgraz_127.bmp
cars,cars/carsgraz_062.bmp
cars,cars/carsgraz_027.bmp
cars,cars/carsgraz_044.bmp
cars,cars/carsgraz_017.bmp
cars,cars/carsgraz_096.bmp
cars,cars/carsgraz_184.bmp
cars,cars/carsgraz_095.bmp
cars,cars/carsgraz_250.bmp
cars,cars/carsgraz_199.bmp
cars,cars/carsgraz_107.bmp
cars,cars/carsgraz_112.bmp
cars,cars/carsgraz_181.bmp
cars,cars/carsgraz_042.bmp
cars,cars/carsgraz_065.bmp
cars,cars/carsgraz_207.bmp
cars,cars/carsgraz_023.bmp
