file,label,class_id
1_x_0_1018.jpg,AM General Hummer SUV 2000,1
1_x_0_1034.jpg,AM General Hummer SUV 2000,1
1_x_0_1047.jpg,AM General Hummer SUV 2000,1
1_x_0_1072.jpg,AM General Hummer SUV 2000,1
1_x_0_1087.jpg,AM General Hummer SUV 2000,1
1_x_0_1103.jpg,AM General Hummer SUV 2000,1
1_x_0_1140.jpg,AM General Hummer SUV 2000,1
1_x_0_1152.jpg,AM General Hummer SUV 2000,1
1_x_0_1232.jpg,AM General Hummer SUV 2000,1
1_x_0_1241.jpg,AM General Hummer SUV 2000,1
1_x_0_1246.jpg,AM General Hummer SUV 2000,1
1_x_0_13.jpg,AM General Hummer SUV 2000,1
1_x_0_1301.jpg,AM General Hummer SUV 2000,1
1_x_0_1303.jpg,AM General Hummer SUV 2000,1
1_x_0_1364.jpg,AM General Hummer SUV 2000,1
1_x_0_1372.jpg,AM General Hummer SUV 2000,1
1_x_0_1375.jpg,AM General Hummer SUV 2000,1
1_x_0_1390.jpg,AM General Hummer SUV 2000,1
1_x_0_1405.jpg,AM General Hummer SUV 2000,1
1_x_0_1406.jpg,AM General Hummer SUV 2000,1
1_x_0_141.jpg,AM General Hummer SUV 2000,1
1_x_0_1410.jpg,AM General Hummer SUV 2000,1
1_x_0_1412.jpg,AM General Hummer SUV 2000,1
1_x_0_144.jpg,AM General Hummer SUV 2000,1
1_x_0_145.jpg,AM General Hummer SUV 2000,1
1_x_0_1463.jpg,AM General Hummer SUV 2000,1
1_x_0_1469.jpg,AM General Hummer SUV 2000,1
1_x_0_1472.jpg,AM General Hummer SUV 2000,1
1_x_0_1507.jpg,AM General Hummer SUV 2000,1
1_x_0_152.jpg,AM General Hummer SUV 2000,1
1_x_0_1541.jpg,AM General Hummer SUV 2000,1
1_x_0_1550.jpg,AM General Hummer SUV 2000,1
1_x_0_1558.jpg,AM General Hummer SUV 2000,1
1_x_0_1565.jpg,AM General Hummer SUV 2000,1
1_x_0_157.jpg,AM General Hummer SUV 2000,1
1_x_0_1601.jpg,AM General Hummer SUV 2000,1
1_x_0_1650.jpg,AM General Hummer SUV 2000,1
1_x_0_1686.jpg,AM General Hummer SUV 2000,1
1_x_0_1732.jpg,AM General Hummer SUV 2000,1
1_x_0_1738.jpg,AM General Hummer SUV 2000,1
1_x_0_1744.jpg,AM General Hummer SUV 2000,1
1_x_0_18.jpg,AM General Hummer SUV 2000,1
1_x_0_1811.jpg,AM General Hummer SUV 2000,1
1_x_0_1832.jpg,AM General Hummer SUV 2000,1
1_x_0_1874.jpg,AM General Hummer SUV 2000,1
1_x_0_19.jpg,AM General Hummer SUV 2000,1
1_x_0_1913.jpg,AM General Hummer SUV 2000,1
1_x_0_1919.jpg,AM General Hummer SUV 2000,1
1_x_0_1935.jpg,AM General Hummer SUV 2000,1
1_x_0_1960.jpg,AM General Hummer SUV 2000,1
1_x_0_1966.jpg,AM General Hummer SUV 2000,1
1_x_0_2037.jpg,AM General Hummer SUV 2000,1
1_x_0_208.jpg,AM General Hummer SUV 2000,1
1_x_0_2098.jpg,AM General Hummer SUV 2000,1
1_x_0_21.jpg,AM General Hummer SUV 2000,1
1_x_0_2105.jpg,AM General Hummer SUV 2000,1
1_x_0_2108.jpg,AM General Hummer SUV 2000,1
1_x_0_2165.jpg,AM General Hummer SUV 2000,1
1_x_0_2172.jpg,AM General Hummer SUV 2000,1
1_x_0_2177.jpg,AM General Hummer SUV 2000,1
1_x_0_2187.jpg,AM General Hummer SUV 2000,1
1_x_0_2194.jpg,AM General Hummer SUV 2000,1
1_x_0_2215.jpg,AM General Hummer SUV 2000,1
1_x_0_2218.jpg,AM General Hummer SUV 2000,1
1_x_0_2248.jpg,AM General Hummer SUV 2000,1
1_x_0_2256.jpg,AM General Hummer SUV 2000,1
1_x_0_2275.jpg,AM General Hummer SUV 2000,1
1_x_0_2321.jpg,AM General Hummer SUV 2000,1
1_x_0_2354.jpg,AM General Hummer SUV 2000,1
1_x_0_2405.jpg,AM General Hummer SUV 2000,1
1_x_0_2415.jpg,AM General Hummer SUV 2000,1
1_x_0_2417.jpg,AM General Hummer SUV 2000,1
1_x_0_2446.jpg,AM General Hummer SUV 2000,1
1_x_0_2530.jpg,AM General Hummer SUV 2000,1
1_x_0_2542.jpg,AM General Hummer SUV 2000,1
1_x_0_2576.jpg,AM General Hummer SUV 2000,1
1_x_0_258.jpg,AM General Hummer SUV 2000,1
1_x_0_2608.jpg,AM General Hummer SUV 2000,1
1_x_0_2619.jpg,AM General Hummer SUV 2000,1
1_x_0_266.jpg,AM General Hummer SUV 2000,1
1_x_0_2668.jpg,AM General Hummer SUV 2000,1
1_x_0_2677.jpg,AM General Hummer SUV 2000,1
1_x_0_2720.jpg,AM General Hummer SUV 2000,1
1_x_0_2734.jpg,AM General Hummer SUV 2000,1
1_x_0_2747.jpg,AM General Hummer SUV 2000,1
1_x_0_2752.jpg,AM General Hummer SUV 2000,1
1_x_0_2794.jpg,AM General Hummer SUV 2000,1
1_x_0_2807.jpg,AM General Hummer SUV 2000,1
1_x_0_2811.jpg,AM General Hummer SUV 2000,1
1_x_0_2813.jpg,AM General Hummer SUV 2000,1
1_x_0_2814.jpg,AM General Hummer SUV 2000,1
1_x_0_2820.jpg,AM General Hummer SUV 2000,1
1_x_0_2834.jpg,AM General Hummer SUV 2000,1
1_x_0_2854.jpg,AM General Hummer SUV 2000,1
1_x_0_2882.jpg,AM General Hummer SUV 2000,1
1_x_0_2922.jpg,AM General Hummer SUV 2000,1
1_x_0_2931.jpg,AM General Hummer SUV 2000,1
1_x_0_2935.jpg,AM General Hummer SUV 2000,1
1_x_0_2950.jpg,AM General Hummer SUV 2000,1
1_x_0_2951.jpg,AM General Hummer SUV 2000,1
1_x_0_2961.jpg,AM General Hummer SUV 2000,1
1_x_0_2980.jpg,AM General Hummer SUV 2000,1
1_x_0_2983.jpg,AM General Hummer SUV 2000,1
1_x_0_2987.jpg,AM General Hummer SUV 2000,1
1_x_0_2991.jpg,AM General Hummer SUV 2000,1
1_x_0_3016.jpg,AM General Hummer SUV 2000,1
1_x_0_3034.jpg,AM General Hummer SUV 2000,1
1_x_0_306.jpg,AM General Hummer SUV 2000,1
1_x_0_3076.jpg,AM General Hummer SUV 2000,1
1_x_0_3086.jpg,AM General Hummer SUV 2000,1
1_x_0_310.jpg,AM General Hummer SUV 2000,1
1_x_0_3142.jpg,AM General Hummer SUV 2000,1
1_x_0_3149.jpg,AM General Hummer SUV 2000,1
1_x_0_3155.jpg,AM General Hummer SUV 2000,1
1_x_0_3168.jpg,AM General Hummer SUV 2000,1
1_x_0_3174.jpg,AM General Hummer SUV 2000,1
1_x_0_3177.jpg,AM General Hummer SUV 2000,1
1_x_0_3180.jpg,AM General Hummer SUV 2000,1
1_x_0_3190.jpg,AM General Hummer SUV 2000,1
1_x_0_3192.jpg,AM General Hummer SUV 2000,1
1_x_0_3219.jpg,AM General Hummer SUV 2000,1
1_x_0_3229.jpg,AM General Hummer SUV 2000,1
1_x_0_3237.jpg,AM General Hummer SUV 2000,1
1_x_0_3242.jpg,AM General Hummer SUV 2000,1
1_x_0_3254.jpg,AM General Hummer SUV 2000,1
1_x_0_3261.jpg,AM General Hummer SUV 2000,1
1_x_0_327.jpg,AM General Hummer SUV 2000,1
1_x_0_3291.jpg,AM General Hummer SUV 2000,1
1_x_0_33.jpg,AM General Hummer SUV 2000,1
1_x_0_3312.jpg,AM General Hummer SUV 2000,1
1_x_0_3326.jpg,AM General Hummer SUV 2000,1
1_x_0_3332.jpg,AM General Hummer SUV 2000,1
1_x_0_3334.jpg,AM General Hummer SUV 2000,1
1_x_0_336.jpg,AM General Hummer SUV 2000,1
1_x_0_3375.jpg,AM General Hummer SUV 2000,1
1_x_0_3389.jpg,AM General Hummer SUV 2000,1
1_x_0_3397.jpg,AM General Hummer SUV 2000,1
1_x_0_3403.jpg,AM General Hummer SUV 2000,1
1_x_0_3404.jpg,AM General Hummer SUV 2000,1
1_x_0_3407.jpg,AM General Hummer SUV 2000,1
1_x_0_3452.jpg,AM General Hummer SUV 2000,1
1_x_0_346.jpg,AM General Hummer SUV 2000,1
1_x_0_3460.jpg,AM General Hummer SUV 2000,1
1_x_0_3481.jpg,AM General Hummer SUV 2000,1
1_x_0_3491.jpg,AM General Hummer SUV 2000,1
1_x_0_3495.jpg,AM General Hummer SUV 2000,1
1_x_0_3497.jpg,AM General Hummer SUV 2000,1
1_x_0_3522.jpg,AM General Hummer SUV 2000,1
1_x_0_3565.jpg,AM General Hummer SUV 2000,1
1_x_0_3568.jpg,AM General Hummer SUV 2000,1
1_x_0_3602.jpg,AM General Hummer SUV 2000,1
1_x_0_3607.jpg,AM General Hummer SUV 2000,1
1_x_0_3645.jpg,AM General Hummer SUV 2000,1
1_x_0_3657.jpg,AM General Hummer SUV 2000,1
1_x_0_3659.jpg,AM General Hummer SUV 2000,1
1_x_0_3689.jpg,AM General Hummer SUV 2000,1
1_x_0_369.jpg,AM General Hummer SUV 2000,1
1_x_0_3735.jpg,AM General Hummer SUV 2000,1
1_x_0_3745.jpg,AM General Hummer SUV 2000,1
1_x_0_3761.jpg,AM General Hummer SUV 2000,1
1_x_0_3767.jpg,AM General Hummer SUV 2000,1
1_x_0_3804.jpg,AM General Hummer SUV 2000,1
1_x_0_3806.jpg,AM General Hummer SUV 2000,1
1_x_0_3824.jpg,AM General Hummer SUV 2000,1
1_x_0_383.jpg,AM General Hummer SUV 2000,1
1_x_0_3836.jpg,AM General Hummer SUV 2000,1
1_x_0_3862.jpg,AM General Hummer SUV 2000,1
1_x_0_3870.jpg,AM General Hummer SUV 2000,1
1_x_0_3877.jpg,AM General Hummer SUV 2000,1
1_x_0_3951.jpg,AM General Hummer SUV 2000,1
1_x_0_3959.jpg,AM General Hummer SUV 2000,1
1_x_0_396.jpg,AM General Hummer SUV 2000,1
1_x_0_3976.jpg,AM General Hummer SUV 2000,1
1_x_0_3997.jpg,AM General Hummer SUV 2000,1
1_x_0_4019.jpg,AM General Hummer SUV 2000,1
1_x_0_403.jpg,AM General Hummer SUV 2000,1
1_x_0_4037.jpg,AM General Hummer SUV 2000,1
1_x_0_4041.jpg,AM General Hummer SUV 2000,1
1_x_0_4044.jpg,AM General Hummer SUV 2000,1
1_x_0_4084.jpg,AM General Hummer SUV 2000,1
1_x_0_4106.jpg,AM General Hummer SUV 2000,1
1_x_0_4127.jpg,AM General Hummer SUV 2000,1
1_x_0_4142.jpg,AM General Hummer SUV 2000,1
1_x_0_4209.jpg,AM General Hummer SUV 2000,1
1_x_0_421.jpg,AM General Hummer SUV 2000,1
1_x_0_4230.jpg,AM General Hummer SUV 2000,1
1_x_0_4231.jpg,AM General Hummer SUV 2000,1
1_x_0_4234.jpg,AM General Hummer SUV 2000,1
1_x_0_4294.jpg,AM General Hummer SUV 2000,1
1_x_0_4303.jpg,AM General Hummer SUV 2000,1
1_x_0_4305.jpg,AM General Hummer SUV 2000,1
1_x_0_4392.jpg,AM General Hummer SUV 2000,1
1_x_0_4408.jpg,AM General Hummer SUV 2000,1
1_x_0_441.jpg,AM General Hummer SUV 2000,1
1_x_0_4445.jpg,AM General Hummer SUV 2000,1
1_x_0_4449.jpg,AM General Hummer SUV 2000,1
1_x_0_4450.jpg,AM General Hummer SUV 2000,1
1_x_0_4460.jpg,AM General Hummer SUV 2000,1
1_x_0_4490.jpg,AM General Hummer SUV 2000,1
1_x_0_4512.jpg,AM General Hummer SUV 2000,1
1_x_0_4541.jpg,AM General Hummer SUV 2000,1
1_x_0_4552.jpg,AM General Hummer SUV 2000,1
1_x_0_4557.jpg,AM General Hummer SUV 2000,1
1_x_0_4625.jpg,AM General Hummer SUV 2000,1
1_x_0_4682.jpg,AM General Hummer SUV 2000,1
1_x_0_4692.jpg,AM General Hummer SUV 2000,1
1_x_0_4698.jpg,AM General Hummer SUV 2000,1
1_x_0_4759.jpg,AM General Hummer SUV 2000,1
1_x_0_4761.jpg,AM General Hummer SUV 2000,1
1_x_0_4786.jpg,AM General Hummer SUV 2000,1
1_x_0_4793.jpg,AM General Hummer SUV 2000,1
1_x_0_4815.jpg,AM General Hummer SUV 2000,1
1_x_0_4830.jpg,AM General Hummer SUV 2000,1
1_x_0_4864.jpg,AM General Hummer SUV 2000,1
1_x_0_4915.jpg,AM General Hummer SUV 2000,1
1_x_0_4923.jpg,AM General Hummer SUV 2000,1
1_x_0_4933.jpg,AM General Hummer SUV 2000,1
1_x_0_4935.jpg,AM General Hummer SUV 2000,1
1_x_0_4936.jpg,AM General Hummer SUV 2000,1
1_x_0_4953.jpg,AM General Hummer SUV 2000,1
1_x_0_4956.jpg,AM General Hummer SUV 2000,1
1_x_0_5012.jpg,AM General Hummer SUV 2000,1
1_x_0_5043.jpg,AM General Hummer SUV 2000,1
1_x_0_5046.jpg,AM General Hummer SUV 2000,1
1_x_0_5048.jpg,AM General Hummer SUV 2000,1
1_x_0_5052.jpg,AM General Hummer SUV 2000,1
1_x_0_5054.jpg,AM General Hummer SUV 2000,1
1_x_0_5055.jpg,AM General Hummer SUV 2000,1
1_x_0_5089.jpg,AM General Hummer SUV 2000,1
1_x_0_511.jpg,AM General Hummer SUV 2000,1
1_x_0_5124.jpg,AM General Hummer SUV 2000,1
1_x_0_5135.jpg,AM General Hummer SUV 2000,1
1_x_0_5229.jpg,AM General Hummer SUV 2000,1
1_x_0_5230.jpg,AM General Hummer SUV 2000,1
1_x_0_5272.jpg,AM General Hummer SUV 2000,1
1_x_0_5282.jpg,AM General Hummer SUV 2000,1
1_x_0_5287.jpg,AM General Hummer SUV 2000,1
1_x_0_5306.jpg,AM General Hummer SUV 2000,1
1_x_0_5317.jpg,AM General Hummer SUV 2000,1
1_x_0_5322.jpg,AM General Hummer SUV 2000,1
1_x_0_5354.jpg,AM General Hummer SUV 2000,1
1_x_0_5361.jpg,AM General Hummer SUV 2000,1
1_x_0_5406.jpg,AM General Hummer SUV 2000,1
1_x_0_5426.jpg,AM General Hummer SUV 2000,1
1_x_0_5449.jpg,AM General Hummer SUV 2000,1
1_x_0_5468.jpg,AM General Hummer SUV 2000,1
1_x_0_5470.jpg,AM General Hummer SUV 2000,1
1_x_0_5478.jpg,AM General Hummer SUV 2000,1
1_x_0_552.jpg,AM General Hummer SUV 2000,1
1_x_0_5521.jpg,AM General Hummer SUV 2000,1
1_x_0_5532.jpg,AM General Hummer SUV 2000,1
1_x_0_5533.jpg,AM General Hummer SUV 2000,1
1_x_0_5561.jpg,AM General Hummer SUV 2000,1
1_x_0_5563.jpg,AM General Hummer SUV 2000,1
1_x_0_5571.jpg,AM General Hummer SUV 2000,1
1_x_0_5573.jpg,AM General Hummer SUV 2000,1
1_x_0_559.jpg,AM General Hummer SUV 2000,1
1_x_0_56.jpg,AM General Hummer SUV 2000,1
1_x_0_5609.jpg,AM General Hummer SUV 2000,1
1_x_0_5611.jpg,AM General Hummer SUV 2000,1
1_x_0_5642.jpg,AM General Hummer SUV 2000,1
1_x_0_5648.jpg,AM General Hummer SUV 2000,1
1_x_0_5663.jpg,AM General Hummer SUV 2000,1
1_x_0_5675.jpg,AM General Hummer SUV 2000,1
1_x_0_5734.jpg,AM General Hummer SUV 2000,1
1_x_0_5737.jpg,AM General Hummer SUV 2000,1
1_x_0_5767.jpg,AM General Hummer SUV 2000,1
1_x_0_5777.jpg,AM General Hummer SUV 2000,1
1_x_0_5788.jpg,AM General Hummer SUV 2000,1
1_x_0_580.jpg,AM General Hummer SUV 2000,1
1_x_0_5808.jpg,AM General Hummer SUV 2000,1
1_x_0_5842.jpg,AM General Hummer SUV 2000,1
1_x_0_5843.jpg,AM General Hummer SUV 2000,1
1_x_0_5861.jpg,AM General Hummer SUV 2000,1
1_x_0_5875.jpg,AM General Hummer SUV 2000,1
1_x_0_5885.jpg,AM General Hummer SUV 2000,1
1_x_0_5892.jpg,AM General Hummer SUV 2000,1
1_x_0_5926.jpg,AM General Hummer SUV 2000,1
1_x_0_6026.jpg,AM General Hummer SUV 2000,1
1_x_0_6060.jpg,AM General Hummer SUV 2000,1
1_x_0_6065.jpg,AM General Hummer SUV 2000,1
1_x_0_6103.jpg,AM General Hummer SUV 2000,1
1_x_0_6121.jpg,AM General Hummer SUV 2000,1
1_x_0_6125.jpg,AM General Hummer SUV 2000,1
1_x_0_614.jpg,AM General Hummer SUV 2000,1
1_x_0_6150.jpg,AM General Hummer SUV 2000,1
1_x_0_6162.jpg,AM General Hummer SUV 2000,1
1_x_0_6179.jpg,AM General Hummer SUV 2000,1
1_x_0_6184.jpg,AM General Hummer SUV 2000,1
1_x_0_619.jpg,AM General Hummer SUV 2000,1
1_x_0_6190.jpg,AM General Hummer SUV 2000,1
1_x_0_6212.jpg,AM General Hummer SUV 2000,1
1_x_0_6249.jpg,AM General Hummer SUV 2000,1
1_x_0_6265.jpg,AM General Hummer SUV 2000,1
1_x_0_6293.jpg,AM General Hummer SUV 2000,1
1_x_0_6340.jpg,AM General Hummer SUV 2000,1
1_x_0_6344.jpg,AM General Hummer SUV 2000,1
1_x_0_6352.jpg,AM General Hummer SUV 2000,1
1_x_0_6387.jpg,AM General Hummer SUV 2000,1
1_x_0_6409.jpg,AM General Hummer SUV 2000,1
1_x_0_6439.jpg,AM General Hummer SUV 2000,1
1_x_0_6481.jpg,AM General Hummer SUV 2000,1
1_x_0_6495.jpg,AM General Hummer SUV 2000,1
1_x_0_6511.jpg,AM General Hummer SUV 2000,1
1_x_0_6514.jpg,AM General Hummer SUV 2000,1
1_x_0_6536.jpg,AM General Hummer SUV 2000,1
1_x_0_6554.jpg,AM General Hummer SUV 2000,1
1_x_0_6569.jpg,AM General Hummer SUV 2000,1
1_x_0_6578.jpg,AM General Hummer SUV 2000,1
1_x_0_66.jpg,AM General Hummer SUV 2000,1
1_x_0_6678.jpg,AM General Hummer SUV 2000,1
1_x_0_6721.jpg,AM General Hummer SUV 2000,1
1_x_0_6737.jpg,AM General Hummer SUV 2000,1
1_x_0_6746.jpg,AM General Hummer SUV 2000,1
1_x_0_6752.jpg,AM General Hummer SUV 2000,1
1_x_0_6768.jpg,AM General Hummer SUV 2000,1
1_x_0_6777.jpg,AM General Hummer SUV 2000,1
1_x_0_6791.jpg,AM General Hummer SUV 2000,1
1_x_0_6810.jpg,AM General Hummer SUV 2000,1
1_x_0_6812.jpg,AM General Hummer SUV 2000,1
1_x_0_6813.jpg,AM General Hummer SUV 2000,1
1_x_0_6825.jpg,AM General Hummer SUV 2000,1
1_x_0_6828.jpg,AM General Hummer SUV 2000,1
1_x_0_6846.jpg,AM General Hummer SUV 2000,1
1_x_0_6870.jpg,AM General Hummer SUV 2000,1
1_x_0_6877.jpg,AM General Hummer SUV 2000,1
1_x_0_6879.jpg,AM General Hummer SUV 2000,1
1_x_0_6885.jpg,AM General Hummer SUV 2000,1
1_x_0_6890.jpg,AM General Hummer SUV 2000,1
1_x_0_6902.jpg,AM General Hummer SUV 2000,1
1_x_0_6906.jpg,AM General Hummer SUV 2000,1
1_x_0_6916.jpg,AM General Hummer SUV 2000,1
1_x_0_6928.jpg,AM General Hummer SUV 2000,1
1_x_0_6963.jpg,AM General Hummer SUV 2000,1
1_x_0_6983.jpg,AM General Hummer SUV 2000,1
1_x_0_7078.jpg,AM General Hummer SUV 2000,1
1_x_0_7120.jpg,AM General Hummer SUV 2000,1
1_x_0_7122.jpg,AM General Hummer SUV 2000,1
1_x_0_7127.jpg,AM General Hummer SUV 2000,1
1_x_0_7132.jpg,AM General Hummer SUV 2000,1
1_x_0_7138.jpg,AM General Hummer SUV 2000,1
1_x_0_7170.jpg,AM General Hummer SUV 2000,1
1_x_0_7199.jpg,AM General Hummer SUV 2000,1
1_x_0_7204.jpg,AM General Hummer SUV 2000,1
1_x_0_7212.jpg,AM General Hummer SUV 2000,1
1_x_0_7276.jpg,AM General Hummer SUV 2000,1
1_x_0_7289.jpg,AM General Hummer SUV 2000,1
1_x_0_7312.jpg,AM General Hummer SUV 2000,1
1_x_0_732.jpg,AM General Hummer SUV 2000,1
1_x_0_7356.jpg,AM General Hummer SUV 2000,1
1_x_0_7377.jpg,AM General Hummer SUV 2000,1
1_x_0_7381.jpg,AM General Hummer SUV 2000,1
1_x_0_7404.jpg,AM General Hummer SUV 2000,1
1_x_0_7415.jpg,AM General Hummer SUV 2000,1
1_x_0_7472.jpg,AM General Hummer SUV 2000,1
1_x_0_7525.jpg,AM General Hummer SUV 2000,1
1_x_0_7527.jpg,AM General Hummer SUV 2000,1
1_x_0_7539.jpg,AM General Hummer SUV 2000,1
1_x_0_7547.jpg,AM General Hummer SUV 2000,1
1_x_0_7565.jpg,AM General Hummer SUV 2000,1
1_x_0_7600.jpg,AM General Hummer SUV 2000,1
1_x_0_761.jpg,AM General Hummer SUV 2000,1
1_x_0_7613.jpg,AM General Hummer SUV 2000,1
1_x_0_7625.jpg,AM General Hummer SUV 2000,1
1_x_0_7651.jpg,AM General Hummer SUV 2000,1
1_x_0_7687.jpg,AM General Hummer SUV 2000,1
1_x_0_7689.jpg,AM General Hummer SUV 2000,1
1_x_0_7724.jpg,AM General Hummer SUV 2000,1
1_x_0_7733.jpg,AM General Hummer SUV 2000,1
1_x_0_7745.jpg,AM General Hummer SUV 2000,1
1_x_0_7757.jpg,AM General Hummer SUV 2000,1
1_x_0_7776.jpg,AM General Hummer SUV 2000,1
1_x_0_7799.jpg,AM General Hummer SUV 2000,1
1_x_0_7817.jpg,AM General Hummer SUV 2000,1
1_x_0_7859.jpg,AM General Hummer SUV 2000,1
1_x_0_7862.jpg,AM General Hummer SUV 2000,1
1_x_0_7881.jpg,AM General Hummer SUV 2000,1
1_x_0_7889.jpg,AM General Hummer SUV 2000,1
1_x_0_7908.jpg,AM General Hummer SUV 2000,1
1_x_0_7909.jpg,AM General Hummer SUV 2000,1
1_x_0_7970.jpg,AM General Hummer SUV 2000,1
1_x_0_7971.jpg,AM General Hummer SUV 2000,1
1_x_0_8026.jpg,AM General Hummer SUV 2000,1
1_x_0_8036.jpg,AM General Hummer SUV 2000,1
1_x_0_805.jpg,AM General Hummer SUV 2000,1
1_x_0_8078.jpg,AM General Hummer SUV 2000,1
1_x_0_8091.jpg,AM General Hummer SUV 2000,1
1_x_0_8112.jpg,AM General Hummer SUV 2000,1
1_x_0_814.jpg,AM General Hummer SUV 2000,1
1_x_0_8143.jpg,AM General Hummer SUV 2000,1
1_x_0_8153.jpg,AM General Hummer SUV 2000,1
1_x_0_818.jpg,AM General Hummer SUV 2000,1
1_x_0_8185.jpg,AM General Hummer SUV 2000,1
1_x_0_8211.jpg,AM General Hummer SUV 2000,1
1_x_0_8262.jpg,AM General Hummer SUV 2000,1
1_x_0_8292.jpg,AM General Hummer SUV 2000,1
1_x_0_8297.jpg,AM General Hummer SUV 2000,1
1_x_0_834.jpg,AM General Hummer SUV 2000,1
1_x_0_8349.jpg,AM General Hummer SUV 2000,1
1_x_0_8358.jpg,AM General Hummer SUV 2000,1
1_x_0_8377.jpg,AM General Hummer SUV 2000,1
1_x_0_8394.jpg,AM General Hummer SUV 2000,1
1_x_0_843.jpg,AM General Hummer SUV 2000,1
1_x_0_8432.jpg,AM General Hummer SUV 2000,1
1_x_0_8433.jpg,AM General Hummer SUV 2000,1
1_x_0_8436.jpg,AM General Hummer SUV 2000,1
1_x_0_8488.jpg,AM General Hummer SUV 2000,1
1_x_0_8498.jpg,AM General Hummer SUV 2000,1
1_x_0_8499.jpg,AM General Hummer SUV 2000,1
1_x_0_8510.jpg,AM General Hummer SUV 2000,1
1_x_0_8518.jpg,AM General Hummer SUV 2000,1
1_x_0_8519.jpg,AM General Hummer SUV 2000,1
1_x_0_8522.jpg,AM General Hummer SUV 2000,1
1_x_0_8530.jpg,AM General Hummer SUV 2000,1
1_x_0_8531.jpg,AM General Hummer SUV 2000,1
1_x_0_8532.jpg,AM General Hummer SUV 2000,1
1_x_0_8546.jpg,AM General Hummer SUV 2000,1
1_x_0_8550.jpg,AM General Hummer SUV 2000,1
1_x_0_856.jpg,AM General Hummer SUV 2000,1
1_x_0_8565.jpg,AM General Hummer SUV 2000,1
1_x_0_8611.jpg,AM General Hummer SUV 2000,1
1_x_0_8621.jpg,AM General Hummer SUV 2000,1
1_x_0_8640.jpg,AM General Hummer SUV 2000,1
1_x_0_8641.jpg,AM General Hummer SUV 2000,1
1_x_0_866.jpg,AM General Hummer SUV 2000,1
1_x_0_8717.jpg,AM General Hummer SUV 2000,1
1_x_0_8732.jpg,AM General Hummer SUV 2000,1
1_x_0_8756.jpg,AM General Hummer SUV 2000,1
1_x_0_8773.jpg,AM General Hummer SUV 2000,1
1_x_0_8783.jpg,AM General Hummer SUV 2000,1
1_x_0_8812.jpg,AM General Hummer SUV 2000,1
1_x_0_8813.jpg,AM General Hummer SUV 2000,1
1_x_0_882.jpg,AM General Hummer SUV 2000,1
1_x_0_8843.jpg,AM General Hummer SUV 2000,1
1_x_0_8848.jpg,AM General Hummer SUV 2000,1
1_x_0_8850.jpg,AM General Hummer SUV 2000,1
1_x_0_8879.jpg,AM General Hummer SUV 2000,1
1_x_0_8921.jpg,AM General Hummer SUV 2000,1
1_x_0_8939.jpg,AM General Hummer SUV 2000,1
1_x_0_8979.jpg,AM General Hummer SUV 2000,1
1_x_0_8985.jpg,AM General Hummer SUV 2000,1
1_x_0_9024.jpg,AM General Hummer SUV 2000,1
1_x_0_9079.jpg,AM General Hummer SUV 2000,1
1_x_0_908.jpg,AM General Hummer SUV 2000,1
1_x_0_9133.jpg,AM General Hummer SUV 2000,1
1_x_0_9173.jpg,AM General Hummer SUV 2000,1
1_x_0_9206.jpg,AM General Hummer SUV 2000,1
1_x_0_9225.jpg,AM General Hummer SUV 2000,1
1_x_0_9231.jpg,AM General Hummer SUV 2000,1
1_x_0_9272.jpg,AM General Hummer SUV 2000,1
1_x_0_9281.jpg,AM General Hummer SUV 2000,1
1_x_0_9293.jpg,AM General Hummer SUV 2000,1
1_x_0_9324.jpg,AM General Hummer SUV 2000,1
1_x_0_9334.jpg,AM General Hummer SUV 2000,1
1_x_0_9357.jpg,AM General Hummer SUV 2000,1
1_x_0_9384.jpg,AM General Hummer SUV 2000,1
1_x_0_9412.jpg,AM General Hummer SUV 2000,1
1_x_0_9419.jpg,AM General Hummer SUV 2000,1
1_x_0_943.jpg,AM General Hummer SUV 2000,1
1_x_0_9448.jpg,AM General Hummer SUV 2000,1
1_x_0_9464.jpg,AM General Hummer SUV 2000,1
1_x_0_9479.jpg,AM General Hummer SUV 2000,1
1_x_0_9487.jpg,AM General Hummer SUV 2000,1
1_x_0_9506.jpg,AM General Hummer SUV 2000,1
1_x_0_954.jpg,AM General Hummer SUV 2000,1
1_x_0_9553.jpg,AM General Hummer SUV 2000,1
1_x_0_9563.jpg,AM General Hummer SUV 2000,1
1_x_0_9573.jpg,AM General Hummer SUV 2000,1
1_x_0_9599.jpg,AM General Hummer SUV 2000,1
1_x_0_960.jpg,AM General Hummer SUV 2000,1
1_x_0_9602.jpg,AM General Hummer SUV 2000,1
1_x_0_9625.jpg,AM General Hummer SUV 2000,1
1_x_0_9634.jpg,AM General Hummer SUV 2000,1
1_x_0_9637.jpg,AM General Hummer SUV 2000,1
1_x_0_9647.jpg,AM General Hummer SUV 2000,1
1_x_0_9733.jpg,AM General Hummer SUV 2000,1
1_x_0_975.jpg,AM General Hummer SUV 2000,1
1_x_0_9752.jpg,AM General Hummer SUV 2000,1
1_x_0_9758.jpg,AM General Hummer SUV 2000,1
1_x_0_9777.jpg,AM General Hummer SUV 2000,1
1_x_0_9782.jpg,AM General Hummer SUV 2000,1
1_x_0_9808.jpg,AM General Hummer SUV 2000,1
1_x_0_9840.jpg,AM General Hummer SUV 2000,1
1_x_0_9846.jpg,AM General Hummer SUV 2000,1
1_x_0_986.jpg,AM General Hummer SUV 2000,1
1_x_0_9915.jpg,AM General Hummer SUV 2000,1
1_x_0_9948.jpg,AM General Hummer SUV 2000,1
1_x_0_9954.jpg,AM General Hummer SUV 2000,1
1_x_0_9974.jpg,AM General Hummer SUV 2000,1
2_x_0_1025.jpg,Acura RL Sedan 2012,2
2_x_0_104.jpg,Acura RL Sedan 2012,2
2_x_0_1047.jpg,Acura RL Sedan 2012,2
2_x_0_1076.jpg,Acura RL Sedan 2012,2
2_x_0_109.jpg,Acura RL Sedan 2012,2
2_x_0_1141.jpg,Acura RL Sedan 2012,2
2_x_0_1144.jpg,Acura RL Sedan 2012,2
2_x_0_1146.jpg,Acura RL Sedan 2012,2
2_x_0_1184.jpg,Acura RL Sedan 2012,2
2_x_0_1197.jpg,Acura RL Sedan 2012,2
2_x_0_121.jpg,Acura RL Sedan 2012,2
2_x_0_1226.jpg,Acura RL Sedan 2012,2
2_x_0_1232.jpg,Acura RL Sedan 2012,2
2_x_0_1278.jpg,Acura RL Sedan 2012,2
2_x_0_1287.jpg,Acura RL Sedan 2012,2
2_x_0_1290.jpg,Acura RL Sedan 2012,2
2_x_0_130.jpg,Acura RL Sedan 2012,2
2_x_0_1359.jpg,Acura RL Sedan 2012,2
2_x_0_1365.jpg,Acura RL Sedan 2012,2
2_x_0_1368.jpg,Acura RL Sedan 2012,2
2_x_0_1371.jpg,Acura RL Sedan 2012,2
2_x_0_138.jpg,Acura RL Sedan 2012,2
2_x_0_1381.jpg,Acura RL Sedan 2012,2
2_x_0_1418.jpg,Acura RL Sedan 2012,2
2_x_0_1423.jpg,Acura RL Sedan 2012,2
2_x_0_1441.jpg,Acura RL Sedan 2012,2
2_x_0_1442.jpg,Acura RL Sedan 2012,2
2_x_0_1458.jpg,Acura RL Sedan 2012,2
2_x_0_1461.jpg,Acura RL Sedan 2012,2
2_x_0_1488.jpg,Acura RL Sedan 2012,2
2_x_0_15.jpg,Acura RL Sedan 2012,2
2_x_0_1524.jpg,Acura RL Sedan 2012,2
2_x_0_1537.jpg,Acura RL Sedan 2012,2
2_x_0_1548.jpg,Acura RL Sedan 2012,2
2_x_0_1562.jpg,Acura RL Sedan 2012,2
2_x_0_1585.jpg,Acura RL Sedan 2012,2
2_x_0_1593.jpg,Acura RL Sedan 2012,2
2_x_0_161.jpg,Acura RL Sedan 2012,2
2_x_0_1611.jpg,Acura RL Sedan 2012,2
2_x_0_1649.jpg,Acura RL Sedan 2012,2
2_x_0_1653.jpg,Acura RL Sedan 2012,2
2_x_0_1654.jpg,Acura RL Sedan 2012,2
2_x_0_1667.jpg,Acura RL Sedan 2012,2
2_x_0_1689.jpg,Acura RL Sedan 2012,2
2_x_0_1690.jpg,Acura RL Sedan 2012,2
2_x_0_1692.jpg,Acura RL Sedan 2012,2
2_x_0_1694.jpg,Acura RL Sedan 2012,2
2_x_0_1721.jpg,Acura RL Sedan 2012,2
2_x_0_1789.jpg,Acura RL Sedan 2012,2
2_x_0_1796.jpg,Acura RL Sedan 2012,2
2_x_0_1803.jpg,Acura RL Sedan 2012,2
2_x_0_1856.jpg,Acura RL Sedan 2012,2
2_x_0_1861.jpg,Acura RL Sedan 2012,2
2_x_0_1872.jpg,Acura RL Sedan 2012,2
2_x_0_1883.jpg,Acura RL Sedan 2012,2
2_x_0_1969.jpg,Acura RL Sedan 2012,2
2_x_0_1996.jpg,Acura RL Sedan 2012,2
2_x_0_2004.jpg,Acura RL Sedan 2012,2
2_x_0_2016.jpg,Acura RL Sedan 2012,2
2_x_0_2030.jpg,Acura RL Sedan 2012,2
2_x_0_2058.jpg,Acura RL Sedan 2012,2
2_x_0_2112.jpg,Acura RL Sedan 2012,2
2_x_0_2125.jpg,Acura RL Sedan 2012,2
2_x_0_2144.jpg,Acura RL Sedan 2012,2
2_x_0_2162.jpg,Acura RL Sedan 2012,2
2_x_0_2164.jpg,Acura RL Sedan 2012,2
2_x_0_2170.jpg,Acura RL Sedan 2012,2
2_x_0_219.jpg,Acura RL Sedan 2012,2
2_x_0_2191.jpg,Acura RL Sedan 2012,2
2_x_0_2192.jpg,Acura RL Sedan 2012,2
2_x_0_2193.jpg,Acura RL Sedan 2012,2
2_x_0_2214.jpg,Acura RL Sedan 2012,2
2_x_0_2215.jpg,Acura RL Sedan 2012,2
2_x_0_2236.jpg,Acura RL Sedan 2012,2
2_x_0_224.jpg,Acura RL Sedan 2012,2
2_x_0_2254.jpg,Acura RL Sedan 2012,2
2_x_0_2256.jpg,Acura RL Sedan 2012,2
2_x_0_2262.jpg,Acura RL Sedan 2012,2
2_x_0_2273.jpg,Acura RL Sedan 2012,2
2_x_0_2288.jpg,Acura RL Sedan 2012,2
2_x_0_2292.jpg,Acura RL Sedan 2012,2
2_x_0_2313.jpg,Acura RL Sedan 2012,2
2_x_0_2316.jpg,Acura RL Sedan 2012,2
2_x_0_2345.jpg,Acura RL Sedan 2012,2
2_x_0_2349.jpg,Acura RL Sedan 2012,2
2_x_0_235.jpg,Acura RL Sedan 2012,2
2_x_0_2382.jpg,Acura RL Sedan 2012,2
2_x_0_2385.jpg,Acura RL Sedan 2012,2
2_x_0_2389.jpg,Acura RL Sedan 2012,2
2_x_0_2398.jpg,Acura RL Sedan 2012,2
2_x_0_2404.jpg,Acura RL Sedan 2012,2
2_x_0_2406.jpg,Acura RL Sedan 2012,2
2_x_0_2448.jpg,Acura RL Sedan 2012,2
2_x_0_2454.jpg,Acura RL Sedan 2012,2
2_x_0_2461.jpg,Acura RL Sedan 2012,2
2_x_0_2466.jpg,Acura RL Sedan 2012,2
2_x_0_2483.jpg,Acura RL Sedan 2012,2
2_x_0_2495.jpg,Acura RL Sedan 2012,2
2_x_0_2506.jpg,Acura RL Sedan 2012,2
2_x_0_2509.jpg,Acura RL Sedan 2012,2
2_x_0_2513.jpg,Acura RL Sedan 2012,2
2_x_0_2527.jpg,Acura RL Sedan 2012,2
2_x_0_2557.jpg,Acura RL Sedan 2012,2
2_x_0_2579.jpg,Acura RL Sedan 2012,2
2_x_0_2589.jpg,Acura RL Sedan 2012,2
2_x_0_2630.jpg,Acura RL Sedan 2012,2
2_x_0_2634.jpg,Acura RL Sedan 2012,2
2_x_0_2648.jpg,Acura RL Sedan 2012,2
2_x_0_2662.jpg,Acura RL Sedan 2012,2
2_x_0_2689.jpg,Acura RL Sedan 2012,2
2_x_0_2702.jpg,Acura RL Sedan 2012,2
2_x_0_2704.jpg,Acura RL Sedan 2012,2
2_x_0_2717.jpg,Acura RL Sedan 2012,2
2_x_0_2719.jpg,Acura RL Sedan 2012,2
2_x_0_2728.jpg,Acura RL Sedan 2012,2
2_x_0_2729.jpg,Acura RL Sedan 2012,2
2_x_0_2758.jpg,Acura RL Sedan 2012,2
2_x_0_2769.jpg,Acura RL Sedan 2012,2
2_x_0_2789.jpg,Acura RL Sedan 2012,2
2_x_0_2796.jpg,Acura RL Sedan 2012,2
2_x_0_2816.jpg,Acura RL Sedan 2012,2
2_x_0_2834.jpg,Acura RL Sedan 2012,2
2_x_0_2856.jpg,Acura RL Sedan 2012,2
2_x_0_2857.jpg,Acura RL Sedan 2012,2
2_x_0_2866.jpg,Acura RL Sedan 2012,2
2_x_0_2898.jpg,Acura RL Sedan 2012,2
2_x_0_2904.jpg,Acura RL Sedan 2012,2
2_x_0_2908.jpg,Acura RL Sedan 2012,2
2_x_0_2909.jpg,Acura RL Sedan 2012,2
2_x_0_2948.jpg,Acura RL Sedan 2012,2
2_x_0_3005.jpg,Acura RL Sedan 2012,2
2_x_0_301.jpg,Acura RL Sedan 2012,2
2_x_0_3063.jpg,Acura RL Sedan 2012,2
2_x_0_3075.jpg,Acura RL Sedan 2012,2
2_x_0_3089.jpg,Acura RL Sedan 2012,2
2_x_0_3114.jpg,Acura RL Sedan 2012,2
2_x_0_3129.jpg,Acura RL Sedan 2012,2
2_x_0_3135.jpg,Acura RL Sedan 2012,2
2_x_0_3151.jpg,Acura RL Sedan 2012,2
2_x_0_3156.jpg,Acura RL Sedan 2012,2
2_x_0_3157.jpg,Acura RL Sedan 2012,2
2_x_0_316.jpg,Acura RL Sedan 2012,2
2_x_0_3172.jpg,Acura RL Sedan 2012,2
2_x_0_3173.jpg,Acura RL Sedan 2012,2
2_x_0_3180.jpg,Acura RL Sedan 2012,2
2_x_0_319.jpg,Acura RL Sedan 2012,2
2_x_0_3192.jpg,Acura RL Sedan 2012,2
2_x_0_3197.jpg,Acura RL Sedan 2012,2
2_x_0_3206.jpg,Acura RL Sedan 2012,2
2_x_0_3251.jpg,Acura RL Sedan 2012,2
2_x_0_3256.jpg,Acura RL Sedan 2012,2
2_x_0_3264.jpg,Acura RL Sedan 2012,2
2_x_0_3303.jpg,Acura RL Sedan 2012,2
2_x_0_3307.jpg,Acura RL Sedan 2012,2
2_x_0_3308.jpg,Acura RL Sedan 2012,2
2_x_0_331.jpg,Acura RL Sedan 2012,2
2_x_0_3347.jpg,Acura RL Sedan 2012,2
2_x_0_3348.jpg,Acura RL Sedan 2012,2
2_x_0_3368.jpg,Acura RL Sedan 2012,2
2_x_0_338.jpg,Acura RL Sedan 2012,2
2_x_0_3385.jpg,Acura RL Sedan 2012,2
2_x_0_3389.jpg,Acura RL Sedan 2012,2
2_x_0_34.jpg,Acura RL Sedan 2012,2
2_x_0_3422.jpg,Acura RL Sedan 2012,2
2_x_0_3432.jpg,Acura RL Sedan 2012,2
2_x_0_3464.jpg,Acura RL Sedan 2012,2
2_x_0_348.jpg,Acura RL Sedan 2012,2
2_x_0_351.jpg,Acura RL Sedan 2012,2
2_x_0_3511.jpg,Acura RL Sedan 2012,2
2_x_0_3527.jpg,Acura RL Sedan 2012,2
2_x_0_3546.jpg,Acura RL Sedan 2012,2
2_x_0_361.jpg,Acura RL Sedan 2012,2
2_x_0_3621.jpg,Acura RL Sedan 2012,2
2_x_0_3637.jpg,Acura RL Sedan 2012,2
2_x_0_3654.jpg,Acura RL Sedan 2012,2
2_x_0_3667.jpg,Acura RL Sedan 2012,2
2_x_0_3695.jpg,Acura RL Sedan 2012,2
2_x_0_370.jpg,Acura RL Sedan 2012,2
2_x_0_3725.jpg,Acura RL Sedan 2012,2
2_x_0_3736.jpg,Acura RL Sedan 2012,2
2_x_0_376.jpg,Acura RL Sedan 2012,2
2_x_0_3762.jpg,Acura RL Sedan 2012,2
2_x_0_377.jpg,Acura RL Sedan 2012,2
2_x_0_3772.jpg,Acura RL Sedan 2012,2
2_x_0_378.jpg,Acura RL Sedan 2012,2
2_x_0_3781.jpg,Acura RL Sedan 2012,2
2_x_0_3789.jpg,Acura RL Sedan 2012,2
2_x_0_3829.jpg,Acura RL Sedan 2012,2
2_x_0_3840.jpg,Acura RL Sedan 2012,2
2_x_0_3846.jpg,Acura RL Sedan 2012,2
2_x_0_3858.jpg,Acura RL Sedan 2012,2
2_x_0_3859.jpg,Acura RL Sedan 2012,2
2_x_0_3887.jpg,Acura RL Sedan 2012,2
2_x_0_3892.jpg,Acura RL Sedan 2012,2
2_x_0_3936.jpg,Acura RL Sedan 2012,2
2_x_0_3942.jpg,Acura RL Sedan 2012,2
2_x_0_3945.jpg,Acura RL Sedan 2012,2
2_x_0_3988.jpg,Acura RL Sedan 2012,2
2_x_0_4005.jpg,Acura RL Sedan 2012,2
2_x_0_4011.jpg,Acura RL Sedan 2012,2
2_x_0_4016.jpg,Acura RL Sedan 2012,2
2_x_0_4054.jpg,Acura RL Sedan 2012,2
2_x_0_4075.jpg,Acura RL Sedan 2012,2
2_x_0_4095.jpg,Acura RL Sedan 2012,2
2_x_0_4120.jpg,Acura RL Sedan 2012,2
2_x_0_4188.jpg,Acura RL Sedan 2012,2
2_x_0_420.jpg,Acura RL Sedan 2012,2
2_x_0_4240.jpg,Acura RL Sedan 2012,2
2_x_0_4244.jpg,Acura RL Sedan 2012,2
2_x_0_4248.jpg,Acura RL Sedan 2012,2
2_x_0_4255.jpg,Acura RL Sedan 2012,2
2_x_0_427.jpg,Acura RL Sedan 2012,2
2_x_0_4270.jpg,Acura RL Sedan 2012,2
2_x_0_4295.jpg,Acura RL Sedan 2012,2
2_x_0_430.jpg,Acura RL Sedan 2012,2
2_x_0_4323.jpg,Acura RL Sedan 2012,2
2_x_0_4358.jpg,Acura RL Sedan 2012,2
2_x_0_4363.jpg,Acura RL Sedan 2012,2
2_x_0_4378.jpg,Acura RL Sedan 2012,2
2_x_0_4384.jpg,Acura RL Sedan 2012,2
2_x_0_4439.jpg,Acura RL Sedan 2012,2
2_x_0_4443.jpg,Acura RL Sedan 2012,2
2_x_0_4485.jpg,Acura RL Sedan 2012,2
2_x_0_4528.jpg,Acura RL Sedan 2012,2
2_x_0_4537.jpg,Acura RL Sedan 2012,2
2_x_0_4551.jpg,Acura RL Sedan 2012,2
2_x_0_456.jpg,Acura RL Sedan 2012,2
2_x_0_4573.jpg,Acura RL Sedan 2012,2
2_x_0_4589.jpg,Acura RL Sedan 2012,2
2_x_0_4619.jpg,Acura RL Sedan 2012,2
2_x_0_4626.jpg,Acura RL Sedan 2012,2
2_x_0_4627.jpg,Acura RL Sedan 2012,2
2_x_0_4674.jpg,Acura RL Sedan 2012,2
2_x_0_4696.jpg,Acura RL Sedan 2012,2
2_x_0_4721.jpg,Acura RL Sedan 2012,2
2_x_0_4812.jpg,Acura RL Sedan 2012,2
2_x_0_4816.jpg,Acura RL Sedan 2012,2
2_x_0_4838.jpg,Acura RL Sedan 2012,2
2_x_0_4923.jpg,Acura RL Sedan 2012,2
2_x_0_4927.jpg,Acura RL Sedan 2012,2
2_x_0_4944.jpg,Acura RL Sedan 2012,2
2_x_0_4951.jpg,Acura RL Sedan 2012,2
2_x_0_4954.jpg,Acura RL Sedan 2012,2
2_x_0_4983.jpg,Acura RL Sedan 2012,2
2_x_0_4984.jpg,Acura RL Sedan 2012,2
2_x_0_4998.jpg,Acura RL Sedan 2012,2
2_x_0_5.jpg,Acura RL Sedan 2012,2
2_x_0_5011.jpg,Acura RL Sedan 2012,2
2_x_0_5037.jpg,Acura RL Sedan 2012,2
2_x_0_5043.jpg,Acura RL Sedan 2012,2
2_x_0_5046.jpg,Acura RL Sedan 2012,2
2_x_0_5077.jpg,Acura RL Sedan 2012,2
2_x_0_5118.jpg,Acura RL Sedan 2012,2
2_x_0_5144.jpg,Acura RL Sedan 2012,2
2_x_0_5169.jpg,Acura RL Sedan 2012,2
2_x_0_5214.jpg,Acura RL Sedan 2012,2
2_x_0_5220.jpg,Acura RL Sedan 2012,2
2_x_0_5248.jpg,Acura RL Sedan 2012,2
2_x_0_5266.jpg,Acura RL Sedan 2012,2
2_x_0_5276.jpg,Acura RL Sedan 2012,2
2_x_0_5316.jpg,Acura RL Sedan 2012,2
2_x_0_5327.jpg,Acura RL Sedan 2012,2
2_x_0_5387.jpg,Acura RL Sedan 2012,2
2_x_0_5431.jpg,Acura RL Sedan 2012,2
2_x_0_5432.jpg,Acura RL Sedan 2012,2
2_x_0_5438.jpg,Acura RL Sedan 2012,2
2_x_0_5439.jpg,Acura RL Sedan 2012,2
2_x_0_5528.jpg,Acura RL Sedan 2012,2
2_x_0_556.jpg,Acura RL Sedan 2012,2
2_x_0_5561.jpg,Acura RL Sedan 2012,2
2_x_0_5562.jpg,Acura RL Sedan 2012,2
2_x_0_5563.jpg,Acura RL Sedan 2012,2
2_x_0_5579.jpg,Acura RL Sedan 2012,2
2_x_0_5613.jpg,Acura RL Sedan 2012,2
2_x_0_5633.jpg,Acura RL Sedan 2012,2
2_x_0_5643.jpg,Acura RL Sedan 2012,2
2_x_0_5656.jpg,Acura RL Sedan 2012,2
2_x_0_5658.jpg,Acura RL Sedan 2012,2
2_x_0_5707.jpg,Acura RL Sedan 2012,2
2_x_0_5720.jpg,Acura RL Sedan 2012,2
2_x_0_5724.jpg,Acura RL Sedan 2012,2
2_x_0_5756.jpg,Acura RL Sedan 2012,2
2_x_0_5844.jpg,Acura RL Sedan 2012,2
2_x_0_5856.jpg,Acura RL Sedan 2012,2
2_x_0_5923.jpg,Acura RL Sedan 2012,2
2_x_0_5947.jpg,Acura RL Sedan 2012,2
2_x_0_5953.jpg,Acura RL Sedan 2012,2
2_x_0_5976.jpg,Acura RL Sedan 2012,2
2_x_0_6.jpg,Acura RL Sedan 2012,2
2_x_0_6021.jpg,Acura RL Sedan 2012,2
2_x_0_6037.jpg,Acura RL Sedan 2012,2
2_x_0_6045.jpg,Acura RL Sedan 2012,2
2_x_0_6049.jpg,Acura RL Sedan 2012,2
2_x_0_6052.jpg,Acura RL Sedan 2012,2
2_x_0_6082.jpg,Acura RL Sedan 2012,2
2_x_0_6112.jpg,Acura RL Sedan 2012,2
2_x_0_6126.jpg,Acura RL Sedan 2012,2
2_x_0_6141.jpg,Acura RL Sedan 2012,2
2_x_0_6154.jpg,Acura RL Sedan 2012,2
2_x_0_6156.jpg,Acura RL Sedan 2012,2
2_x_0_6165.jpg,Acura RL Sedan 2012,2
2_x_0_617.jpg,Acura RL Sedan 2012,2
2_x_0_6177.jpg,Acura RL Sedan 2012,2
2_x_0_6183.jpg,Acura RL Sedan 2012,2
2_x_0_6187.jpg,Acura RL Sedan 2012,2
2_x_0_6196.jpg,Acura RL Sedan 2012,2
2_x_0_6238.jpg,Acura RL Sedan 2012,2
2_x_0_624.jpg,Acura RL Sedan 2012,2
2_x_0_6241.jpg,Acura RL Sedan 2012,2
2_x_0_6246.jpg,Acura RL Sedan 2012,2
2_x_0_6256.jpg,Acura RL Sedan 2012,2
2_x_0_626.jpg,Acura RL Sedan 2012,2
2_x_0_6276.jpg,Acura RL Sedan 2012,2
2_x_0_6307.jpg,Acura RL Sedan 2012,2
2_x_0_6319.jpg,Acura RL Sedan 2012,2
2_x_0_6321.jpg,Acura RL Sedan 2012,2
2_x_0_633.jpg,Acura RL Sedan 2012,2
2_x_0_6371.jpg,Acura RL Sedan 2012,2
2_x_0_6391.jpg,Acura RL Sedan 2012,2
2_x_0_6404.jpg,Acura RL Sedan 2012,2
2_x_0_6406.jpg,Acura RL Sedan 2012,2
2_x_0_6407.jpg,Acura RL Sedan 2012,2
2_x_0_6431.jpg,Acura RL Sedan 2012,2
2_x_0_6456.jpg,Acura RL Sedan 2012,2
2_x_0_6477.jpg,Acura RL Sedan 2012,2
2_x_0_6530.jpg,Acura RL Sedan 2012,2
2_x_0_6580.jpg,Acura RL Sedan 2012,2
2_x_0_66.jpg,Acura RL Sedan 2012,2
2_x_0_662.jpg,Acura RL Sedan 2012,2
2_x_0_6628.jpg,Acura RL Sedan 2012,2
2_x_0_6643.jpg,Acura RL Sedan 2012,2
2_x_0_67.jpg,Acura RL Sedan 2012,2
2_x_0_6706.jpg,Acura RL Sedan 2012,2
2_x_0_6719.jpg,Acura RL Sedan 2012,2
2_x_0_6778.jpg,Acura RL Sedan 2012,2
2_x_0_6793.jpg,Acura RL Sedan 2012,2
2_x_0_6805.jpg,Acura RL Sedan 2012,2
2_x_0_6836.jpg,Acura RL Sedan 2012,2
2_x_0_6857.jpg,Acura RL Sedan 2012,2
2_x_0_6867.jpg,Acura RL Sedan 2012,2
2_x_0_6912.jpg,Acura RL Sedan 2012,2
2_x_0_6959.jpg,Acura RL Sedan 2012,2
2_x_0_6991.jpg,Acura RL Sedan 2012,2
2_x_0_6994.jpg,Acura RL Sedan 2012,2
2_x_0_7031.jpg,Acura RL Sedan 2012,2
2_x_0_7034.jpg,Acura RL Sedan 2012,2
2_x_0_7038.jpg,Acura RL Sedan 2012,2
2_x_0_706.jpg,Acura RL Sedan 2012,2
2_x_0_7069.jpg,Acura RL Sedan 2012,2
2_x_0_7077.jpg,Acura RL Sedan 2012,2
2_x_0_7081.jpg,Acura RL Sedan 2012,2
2_x_0_7116.jpg,Acura RL Sedan 2012,2
2_x_0_7130.jpg,Acura RL Sedan 2012,2
2_x_0_7164.jpg,Acura RL Sedan 2012,2
2_x_0_7173.jpg,Acura RL Sedan 2012,2
2_x_0_7197.jpg,Acura RL Sedan 2012,2
2_x_0_7207.jpg,Acura RL Sedan 2012,2
2_x_0_7214.jpg,Acura RL Sedan 2012,2
2_x_0_7235.jpg,Acura RL Sedan 2012,2
2_x_0_7275.jpg,Acura RL Sedan 2012,2
2_x_0_7276.jpg,Acura RL Sedan 2012,2
2_x_0_7312.jpg,Acura RL Sedan 2012,2
2_x_0_7323.jpg,Acura RL Sedan 2012,2
2_x_0_7344.jpg,Acura RL Sedan 2012,2
2_x_0_7365.jpg,Acura RL Sedan 2012,2
2_x_0_7366.jpg,Acura RL Sedan 2012,2
2_x_0_7373.jpg,Acura RL Sedan 2012,2
2_x_0_7374.jpg,Acura RL Sedan 2012,2
2_x_0_7381.jpg,Acura RL Sedan 2012,2
2_x_0_7382.jpg,Acura RL Sedan 2012,2
2_x_0_7390.jpg,Acura RL Sedan 2012,2
2_x_0_7394.jpg,Acura RL Sedan 2012,2
2_x_0_7428.jpg,Acura RL Sedan 2012,2
2_x_0_7432.jpg,Acura RL Sedan 2012,2
2_x_0_7463.jpg,Acura RL Sedan 2012,2
2_x_0_7464.jpg,Acura RL Sedan 2012,2
2_x_0_7465.jpg,Acura RL Sedan 2012,2
2_x_0_7471.jpg,Acura RL Sedan 2012,2
2_x_0_7484.jpg,Acura RL Sedan 2012,2
2_x_0_7498.jpg,Acura RL Sedan 2012,2
2_x_0_7513.jpg,Acura RL Sedan 2012,2
2_x_0_7533.jpg,Acura RL Sedan 2012,2
2_x_0_7665.jpg,Acura RL Sedan 2012,2
2_x_0_7672.jpg,Acura RL Sedan 2012,2
2_x_0_7698.jpg,Acura RL Sedan 2012,2
2_x_0_7728.jpg,Acura RL Sedan 2012,2
2_x_0_7730.jpg,Acura RL Sedan 2012,2
2_x_0_7765.jpg,Acura RL Sedan 2012,2
2_x_0_7833.jpg,Acura RL Sedan 2012,2
2_x_0_7836.jpg,Acura RL Sedan 2012,2
2_x_0_792.jpg,Acura RL Sedan 2012,2
2_x_0_7926.jpg,Acura RL Sedan 2012,2
2_x_0_7934.jpg,Acura RL Sedan 2012,2
2_x_0_7937.jpg,Acura RL Sedan 2012,2
2_x_0_7939.jpg,Acura RL Sedan 2012,2
2_x_0_7945.jpg,Acura RL Sedan 2012,2
2_x_0_7984.jpg,Acura RL Sedan 2012,2
2_x_0_8031.jpg,Acura RL Sedan 2012,2
2_x_0_8038.jpg,Acura RL Sedan 2012,2
2_x_0_8065.jpg,Acura RL Sedan 2012,2
2_x_0_8102.jpg,Acura RL Sedan 2012,2
2_x_0_8115.jpg,Acura RL Sedan 2012,2
2_x_0_8125.jpg,Acura RL Sedan 2012,2
2_x_0_8141.jpg,Acura RL Sedan 2012,2
2_x_0_8146.jpg,Acura RL Sedan 2012,2
2_x_0_8185.jpg,Acura RL Sedan 2012,2
2_x_0_8238.jpg,Acura RL Sedan 2012,2
2_x_0_8241.jpg,Acura RL Sedan 2012,2
2_x_0_8247.jpg,Acura RL Sedan 2012,2
2_x_0_8273.jpg,Acura RL Sedan 2012,2
2_x_0_829.jpg,Acura RL Sedan 2012,2
2_x_0_8322.jpg,Acura RL Sedan 2012,2
2_x_0_8342.jpg,Acura RL Sedan 2012,2
2_x_0_8355.jpg,Acura RL Sedan 2012,2
2_x_0_8378.jpg,Acura RL Sedan 2012,2
2_x_0_8379.jpg,Acura RL Sedan 2012,2
2_x_0_8384.jpg,Acura RL Sedan 2012,2
2_x_0_842.jpg,Acura RL Sedan 2012,2
2_x_0_8451.jpg,Acura RL Sedan 2012,2
2_x_0_846.jpg,Acura RL Sedan 2012,2
2_x_0_8479.jpg,Acura RL Sedan 2012,2
2_x_0_8552.jpg,Acura RL Sedan 2012,2
2_x_0_8609.jpg,Acura RL Sedan 2012,2
2_x_0_8626.jpg,Acura RL Sedan 2012,2
2_x_0_8627.jpg,Acura RL Sedan 2012,2
2_x_0_8628.jpg,Acura RL Sedan 2012,2
2_x_0_8652.jpg,Acura RL Sedan 2012,2
2_x_0_8662.jpg,Acura RL Sedan 2012,2
2_x_0_8676.jpg,Acura RL Sedan 2012,2
2_x_0_8782.jpg,Acura RL Sedan 2012,2
2_x_0_880.jpg,Acura RL Sedan 2012,2
2_x_0_8801.jpg,Acura RL Sedan 2012,2
2_x_0_8849.jpg,Acura RL Sedan 2012,2
2_x_0_8860.jpg,Acura RL Sedan 2012,2
2_x_0_8866.jpg,Acura RL Sedan 2012,2
2_x_0_8873.jpg,Acura RL Sedan 2012,2
2_x_0_8877.jpg,Acura RL Sedan 2012,2
2_x_0_8887.jpg,Acura RL Sedan 2012,2
2_x_0_8912.jpg,Acura RL Sedan 2012,2
2_x_0_8956.jpg,Acura RL Sedan 2012,2
2_x_0_8965.jpg,Acura RL Sedan 2012,2
2_x_0_8966.jpg,Acura RL Sedan 2012,2
2_x_0_8982.jpg,Acura RL Sedan 2012,2
2_x_0_9010.jpg,Acura RL Sedan 2012,2
2_x_0_9062.jpg,Acura RL Sedan 2012,2
2_x_0_9085.jpg,Acura RL Sedan 2012,2
2_x_0_9113.jpg,Acura RL Sedan 2012,2
2_x_0_9125.jpg,Acura RL Sedan 2012,2
2_x_0_9134.jpg,Acura RL Sedan 2012,2
2_x_0_9137.jpg,Acura RL Sedan 2012,2
2_x_0_9170.jpg,Acura RL Sedan 2012,2
2_x_0_9175.jpg,Acura RL Sedan 2012,2
2_x_0_9208.jpg,Acura RL Sedan 2012,2
2_x_0_9211.jpg,Acura RL Sedan 2012,2
2_x_0_9218.jpg,Acura RL Sedan 2012,2
2_x_0_922.jpg,Acura RL Sedan 2012,2
2_x_0_9225.jpg,Acura RL Sedan 2012,2
2_x_0_9253.jpg,Acura RL Sedan 2012,2
2_x_0_9271.jpg,Acura RL Sedan 2012,2
2_x_0_9280.jpg,Acura RL Sedan 2012,2
2_x_0_9283.jpg,Acura RL Sedan 2012,2
2_x_0_9286.jpg,Acura RL Sedan 2012,2
2_x_0_9302.jpg,Acura RL Sedan 2012,2
2_x_0_9304.jpg,Acura RL Sedan 2012,2
2_x_0_933.jpg,Acura RL Sedan 2012,2
2_x_0_9386.jpg,Acura RL Sedan 2012,2
2_x_0_939.jpg,Acura RL Sedan 2012,2
2_x_0_9478.jpg,Acura RL Sedan 2012,2
2_x_0_9496.jpg,Acura RL Sedan 2012,2
2_x_0_9526.jpg,Acura RL Sedan 2012,2
2_x_0_9544.jpg,Acura RL Sedan 2012,2
2_x_0_9546.jpg,Acura RL Sedan 2012,2
2_x_0_9569.jpg,Acura RL Sedan 2012,2
2_x_0_9575.jpg,Acura RL Sedan 2012,2
2_x_0_9595.jpg,Acura RL Sedan 2012,2
2_x_0_9611.jpg,Acura RL Sedan 2012,2
2_x_0_9624.jpg,Acura RL Sedan 2012,2
2_x_0_9626.jpg,Acura RL Sedan 2012,2
2_x_0_975.jpg,Acura RL Sedan 2012,2
2_x_0_9751.jpg,Acura RL Sedan 2012,2
2_x_0_9757.jpg,Acura RL Sedan 2012,2
2_x_0_9764.jpg,Acura RL Sedan 2012,2
2_x_0_9770.jpg,Acura RL Sedan 2012,2
2_x_0_9795.jpg,Acura RL Sedan 2012,2
2_x_0_98.jpg,Acura RL Sedan 2012,2
2_x_0_9809.jpg,Acura RL Sedan 2012,2
2_x_0_9825.jpg,Acura RL Sedan 2012,2
2_x_0_9833.jpg,Acura RL Sedan 2012,2
2_x_0_9834.jpg,Acura RL Sedan 2012,2
2_x_0_9838.jpg,Acura RL Sedan 2012,2
2_x_0_9862.jpg,Acura RL Sedan 2012,2
2_x_0_9877.jpg,Acura RL Sedan 2012,2
2_x_0_9894.jpg,Acura RL Sedan 2012,2
2_x_0_991.jpg,Acura RL Sedan 2012,2
3_x_0_104.jpg,Acura TL Sedan 2012,3
3_x_0_1057.jpg,Acura TL Sedan 2012,3
3_x_0_1060.jpg,Acura TL Sedan 2012,3
3_x_0_1083.jpg,Acura TL Sedan 2012,3
3_x_0_1096.jpg,Acura TL Sedan 2012,3
3_x_0_1111.jpg,Acura TL Sedan 2012,3
3_x_0_1116.jpg,Acura TL Sedan 2012,3
3_x_0_1131.jpg,Acura TL Sedan 2012,3
3_x_0_115.jpg,Acura TL Sedan 2012,3
3_x_0_1169.jpg,Acura TL Sedan 2012,3
3_x_0_1180.jpg,Acura TL Sedan 2012,3
3_x_0_1186.jpg,Acura TL Sedan 2012,3
3_x_0_1195.jpg,Acura TL Sedan 2012,3
3_x_0_1216.jpg,Acura TL Sedan 2012,3
3_x_0_1291.jpg,Acura TL Sedan 2012,3
3_x_0_1296.jpg,Acura TL Sedan 2012,3
3_x_0_1304.jpg,Acura TL Sedan 2012,3
3_x_0_1318.jpg,Acura TL Sedan 2012,3
3_x_0_135.jpg,Acura TL Sedan 2012,3
3_x_0_1371.jpg,Acura TL Sedan 2012,3
3_x_0_1384.jpg,Acura TL Sedan 2012,3
3_x_0_1477.jpg,Acura TL Sedan 2012,3
3_x_0_1495.jpg,Acura TL Sedan 2012,3
3_x_0_1508.jpg,Acura TL Sedan 2012,3
3_x_0_1511.jpg,Acura TL Sedan 2012,3
3_x_0_1553.jpg,Acura TL Sedan 2012,3
3_x_0_1578.jpg,Acura TL Sedan 2012,3
3_x_0_1599.jpg,Acura TL Sedan 2012,3
3_x_0_1637.jpg,Acura TL Sedan 2012,3
3_x_0_1668.jpg,Acura TL Sedan 2012,3
3_x_0_168.jpg,Acura TL Sedan 2012,3
3_x_0_1691.jpg,Acura TL Sedan 2012,3
3_x_0_1711.jpg,Acura TL Sedan 2012,3
3_x_0_1715.jpg,Acura TL Sedan 2012,3
3_x_0_1717.jpg,Acura TL Sedan 2012,3
3_x_0_1726.jpg,Acura TL Sedan 2012,3
3_x_0_1736.jpg,Acura TL Sedan 2012,3
3_x_0_1739.jpg,Acura TL Sedan 2012,3
3_x_0_1763.jpg,Acura TL Sedan 2012,3
3_x_0_1770.jpg,Acura TL Sedan 2012,3
3_x_0_1787.jpg,Acura TL Sedan 2012,3
3_x_0_1806.jpg,Acura TL Sedan 2012,3
3_x_0_1809.jpg,Acura TL Sedan 2012,3
3_x_0_1811.jpg,Acura TL Sedan 2012,3
3_x_0_1812.jpg,Acura TL Sedan 2012,3
3_x_0_182.jpg,Acura TL Sedan 2012,3
3_x_0_1824.jpg,Acura TL Sedan 2012,3
3_x_0_1877.jpg,Acura TL Sedan 2012,3
3_x_0_1882.jpg,Acura TL Sedan 2012,3
3_x_0_1909.jpg,Acura TL Sedan 2012,3
3_x_0_1922.jpg,Acura TL Sedan 2012,3
3_x_0_1939.jpg,Acura TL Sedan 2012,3
3_x_0_1948.jpg,Acura TL Sedan 2012,3
3_x_0_1957.jpg,Acura TL Sedan 2012,3
3_x_0_1972.jpg,Acura TL Sedan 2012,3
3_x_0_1994.jpg,Acura TL Sedan 2012,3
3_x_0_2010.jpg,Acura TL Sedan 2012,3
3_x_0_2014.jpg,Acura TL Sedan 2012,3
3_x_0_2055.jpg,Acura TL Sedan 2012,3
3_x_0_206.jpg,Acura TL Sedan 2012,3
3_x_0_2099.jpg,Acura TL Sedan 2012,3
3_x_0_2119.jpg,Acura TL Sedan 2012,3
3_x_0_2137.jpg,Acura TL Sedan 2012,3
3_x_0_2159.jpg,Acura TL Sedan 2012,3
3_x_0_2188.jpg,Acura TL Sedan 2012,3
3_x_0_2197.jpg,Acura TL Sedan 2012,3
3_x_0_2202.jpg,Acura TL Sedan 2012,3
3_x_0_2213.jpg,Acura TL Sedan 2012,3
3_x_0_2214.jpg,Acura TL Sedan 2012,3
3_x_0_2281.jpg,Acura TL Sedan 2012,3
3_x_0_2310.jpg,Acura TL Sedan 2012,3
3_x_0_2370.jpg,Acura TL Sedan 2012,3
3_x_0_2371.jpg,Acura TL Sedan 2012,3
3_x_0_2374.jpg,Acura TL Sedan 2012,3
3_x_0_238.jpg,Acura TL Sedan 2012,3
3_x_0_2419.jpg,Acura TL Sedan 2012,3
3_x_0_2423.jpg,Acura TL Sedan 2012,3
3_x_0_2434.jpg,Acura TL Sedan 2012,3
3_x_0_2450.jpg,Acura TL Sedan 2012,3
3_x_0_2463.jpg,Acura TL Sedan 2012,3
3_x_0_2473.jpg,Acura TL Sedan 2012,3
3_x_0_2494.jpg,Acura TL Sedan 2012,3
3_x_0_2498.jpg,Acura TL Sedan 2012,3
3_x_0_252.jpg,Acura TL Sedan 2012,3
3_x_0_2520.jpg,Acura TL Sedan 2012,3
3_x_0_2566.jpg,Acura TL Sedan 2012,3
3_x_0_2572.jpg,Acura TL Sedan 2012,3
3_x_0_2597.jpg,Acura TL Sedan 2012,3
3_x_0_2598.jpg,Acura TL Sedan 2012,3
3_x_0_26.jpg,Acura TL Sedan 2012,3
3_x_0_2605.jpg,Acura TL Sedan 2012,3
3_x_0_2606.jpg,Acura TL Sedan 2012,3
3_x_0_2624.jpg,Acura TL Sedan 2012,3
3_x_0_2628.jpg,Acura TL Sedan 2012,3
3_x_0_2633.jpg,Acura TL Sedan 2012,3
3_x_0_2644.jpg,Acura TL Sedan 2012,3
3_x_0_268.jpg,Acura TL Sedan 2012,3
3_x_0_2697.jpg,Acura TL Sedan 2012,3
3_x_0_2704.jpg,Acura TL Sedan 2012,3
3_x_0_2713.jpg,Acura TL Sedan 2012,3
3_x_0_2744.jpg,Acura TL Sedan 2012,3
3_x_0_2754.jpg,Acura TL Sedan 2012,3
3_x_0_2757.jpg,Acura TL Sedan 2012,3
3_x_0_2765.jpg,Acura TL Sedan 2012,3
3_x_0_2807.jpg,Acura TL Sedan 2012,3
3_x_0_2815.jpg,Acura TL Sedan 2012,3
3_x_0_282.jpg,Acura TL Sedan 2012,3
3_x_0_2836.jpg,Acura TL Sedan 2012,3
3_x_0_287.jpg,Acura TL Sedan 2012,3
3_x_0_2873.jpg,Acura TL Sedan 2012,3
3_x_0_2875.jpg,Acura TL Sedan 2012,3
3_x_0_2893.jpg,Acura TL Sedan 2012,3
3_x_0_2909.jpg,Acura TL Sedan 2012,3
3_x_0_2910.jpg,Acura TL Sedan 2012,3
3_x_0_2930.jpg,Acura TL Sedan 2012,3
3_x_0_2942.jpg,Acura TL Sedan 2012,3
3_x_0_2962.jpg,Acura TL Sedan 2012,3
3_x_0_2978.jpg,Acura TL Sedan 2012,3
3_x_0_2998.jpg,Acura TL Sedan 2012,3
3_x_0_3015.jpg,Acura TL Sedan 2012,3
3_x_0_3053.jpg,Acura TL Sedan 2012,3
3_x_0_3086.jpg,Acura TL Sedan 2012,3
3_x_0_3091.jpg,Acura TL Sedan 2012,3
3_x_0_3120.jpg,Acura TL Sedan 2012,3
3_x_0_3122.jpg,Acura TL Sedan 2012,3
3_x_0_3141.jpg,Acura TL Sedan 2012,3
3_x_0_3149.jpg,Acura TL Sedan 2012,3
3_x_0_3153.jpg,Acura TL Sedan 2012,3
3_x_0_3180.jpg,Acura TL Sedan 2012,3
3_x_0_321.jpg,Acura TL Sedan 2012,3
3_x_0_3215.jpg,Acura TL Sedan 2012,3
3_x_0_322.jpg,Acura TL Sedan 2012,3
3_x_0_3223.jpg,Acura TL Sedan 2012,3
3_x_0_3225.jpg,Acura TL Sedan 2012,3
3_x_0_3227.jpg,Acura TL Sedan 2012,3
3_x_0_3264.jpg,Acura TL Sedan 2012,3
3_x_0_3279.jpg,Acura TL Sedan 2012,3
3_x_0_3308.jpg,Acura TL Sedan 2012,3
3_x_0_3336.jpg,Acura TL Sedan 2012,3
3_x_0_335.jpg,Acura TL Sedan 2012,3
3_x_0_3361.jpg,Acura TL Sedan 2012,3
3_x_0_3394.jpg,Acura TL Sedan 2012,3
3_x_0_3458.jpg,Acura TL Sedan 2012,3
3_x_0_3461.jpg,Acura TL Sedan 2012,3
3_x_0_3464.jpg,Acura TL Sedan 2012,3
3_x_0_3466.jpg,Acura TL Sedan 2012,3
3_x_0_3500.jpg,Acura TL Sedan 2012,3
3_x_0_3501.jpg,Acura TL Sedan 2012,3
3_x_0_3536.jpg,Acura TL Sedan 2012,3
3_x_0_354.jpg,Acura TL Sedan 2012,3
3_x_0_3541.jpg,Acura TL Sedan 2012,3
3_x_0_3601.jpg,Acura TL Sedan 2012,3
3_x_0_3652.jpg,Acura TL Sedan 2012,3
3_x_0_3664.jpg,Acura TL Sedan 2012,3
3_x_0_3671.jpg,Acura TL Sedan 2012,3
3_x_0_3674.jpg,Acura TL Sedan 2012,3
3_x_0_3687.jpg,Acura TL Sedan 2012,3
3_x_0_3694.jpg,Acura TL Sedan 2012,3
3_x_0_3701.jpg,Acura TL Sedan 2012,3
3_x_0_3704.jpg,Acura TL Sedan 2012,3
3_x_0_3743.jpg,Acura TL Sedan 2012,3
3_x_0_3763.jpg,Acura TL Sedan 2012,3
3_x_0_3789.jpg,Acura TL Sedan 2012,3
3_x_0_3802.jpg,Acura TL Sedan 2012,3
3_x_0_3848.jpg,Acura TL Sedan 2012,3
3_x_0_3860.jpg,Acura TL Sedan 2012,3
3_x_0_3871.jpg,Acura TL Sedan 2012,3
3_x_0_3903.jpg,Acura TL Sedan 2012,3
3_x_0_3969.jpg,Acura TL Sedan 2012,3
3_x_0_3974.jpg,Acura TL Sedan 2012,3
3_x_0_4040.jpg,Acura TL Sedan 2012,3
3_x_0_4053.jpg,Acura TL Sedan 2012,3
3_x_0_4077.jpg,Acura TL Sedan 2012,3
3_x_0_410.jpg,Acura TL Sedan 2012,3
3_x_0_4148.jpg,Acura TL Sedan 2012,3
3_x_0_4155.jpg,Acura TL Sedan 2012,3
3_x_0_4163.jpg,Acura TL Sedan 2012,3
3_x_0_4179.jpg,Acura TL Sedan 2012,3
3_x_0_4255.jpg,Acura TL Sedan 2012,3
3_x_0_4260.jpg,Acura TL Sedan 2012,3
3_x_0_4265.jpg,Acura TL Sedan 2012,3
3_x_0_4270.jpg,Acura TL Sedan 2012,3
3_x_0_4276.jpg,Acura TL Sedan 2012,3
3_x_0_4280.jpg,Acura TL Sedan 2012,3
3_x_0_4293.jpg,Acura TL Sedan 2012,3
3_x_0_4323.jpg,Acura TL Sedan 2012,3
3_x_0_4359.jpg,Acura TL Sedan 2012,3
3_x_0_4369.jpg,Acura TL Sedan 2012,3
3_x_0_4379.jpg,Acura TL Sedan 2012,3
3_x_0_4383.jpg,Acura TL Sedan 2012,3
3_x_0_439.jpg,Acura TL Sedan 2012,3
3_x_0_4412.jpg,Acura TL Sedan 2012,3
3_x_0_4413.jpg,Acura TL Sedan 2012,3
3_x_0_4440.jpg,Acura TL Sedan 2012,3
3_x_0_4444.jpg,Acura TL Sedan 2012,3
3_x_0_446.jpg,Acura TL Sedan 2012,3
3_x_0_4468.jpg,Acura TL Sedan 2012,3
3_x_0_4470.jpg,Acura TL Sedan 2012,3
3_x_0_4507.jpg,Acura TL Sedan 2012,3
3_x_0_4522.jpg,Acura TL Sedan 2012,3
3_x_0_4583.jpg,Acura TL Sedan 2012,3
3_x_0_4599.jpg,Acura TL Sedan 2012,3
3_x_0_4600.jpg,Acura TL Sedan 2012,3
3_x_0_4606.jpg,Acura TL Sedan 2012,3
3_x_0_4617.jpg,Acura TL Sedan 2012,3
3_x_0_4665.jpg,Acura TL Sedan 2012,3
3_x_0_4689.jpg,Acura TL Sedan 2012,3
3_x_0_4695.jpg,Acura TL Sedan 2012,3
3_x_0_470.jpg,Acura TL Sedan 2012,3
3_x_0_4711.jpg,Acura TL Sedan 2012,3
3_x_0_4763.jpg,Acura TL Sedan 2012,3
3_x_0_4789.jpg,Acura TL Sedan 2012,3
3_x_0_481.jpg,Acura TL Sedan 2012,3
3_x_0_4813.jpg,Acura TL Sedan 2012,3
3_x_0_4820.jpg,Acura TL Sedan 2012,3
3_x_0_4866.jpg,Acura TL Sedan 2012,3
3_x_0_4918.jpg,Acura TL Sedan 2012,3
3_x_0_4927.jpg,Acura TL Sedan 2012,3
3_x_0_4939.jpg,Acura TL Sedan 2012,3
3_x_0_4951.jpg,Acura TL Sedan 2012,3
3_x_0_496.jpg,Acura TL Sedan 2012,3
3_x_0_4986.jpg,Acura TL Sedan 2012,3
3_x_0_4998.jpg,Acura TL Sedan 2012,3
3_x_0_502.jpg,Acura TL Sedan 2012,3
3_x_0_5097.jpg,Acura TL Sedan 2012,3
3_x_0_5132.jpg,Acura TL Sedan 2012,3
3_x_0_5160.jpg,Acura TL Sedan 2012,3
3_x_0_5174.jpg,Acura TL Sedan 2012,3
3_x_0_5184.jpg,Acura TL Sedan 2012,3
3_x_0_5231.jpg,Acura TL Sedan 2012,3
3_x_0_5248.jpg,Acura TL Sedan 2012,3
3_x_0_5252.jpg,Acura TL Sedan 2012,3
3_x_0_526.jpg,Acura TL Sedan 2012,3
3_x_0_5270.jpg,Acura TL Sedan 2012,3
3_x_0_5296.jpg,Acura TL Sedan 2012,3
3_x_0_5361.jpg,Acura TL Sedan 2012,3
3_x_0_537.jpg,Acura TL Sedan 2012,3
3_x_0_5384.jpg,Acura TL Sedan 2012,3
3_x_0_5400.jpg,Acura TL Sedan 2012,3
3_x_0_5406.jpg,Acura TL Sedan 2012,3
3_x_0_5429.jpg,Acura TL Sedan 2012,3
3_x_0_5472.jpg,Acura TL Sedan 2012,3
3_x_0_5485.jpg,Acura TL Sedan 2012,3
3_x_0_5500.jpg,Acura TL Sedan 2012,3
3_x_0_5548.jpg,Acura TL Sedan 2012,3
3_x_0_5589.jpg,Acura TL Sedan 2012,3
3_x_0_5591.jpg,Acura TL Sedan 2012,3
3_x_0_5624.jpg,Acura TL Sedan 2012,3
3_x_0_5653.jpg,Acura TL Sedan 2012,3
3_x_0_5690.jpg,Acura TL Sedan 2012,3
3_x_0_5697.jpg,Acura TL Sedan 2012,3
3_x_0_5707.jpg,Acura TL Sedan 2012,3
3_x_0_572.jpg,Acura TL Sedan 2012,3
3_x_0_5721.jpg,Acura TL Sedan 2012,3
3_x_0_5730.jpg,Acura TL Sedan 2012,3
3_x_0_5749.jpg,Acura TL Sedan 2012,3
3_x_0_5752.jpg,Acura TL Sedan 2012,3
3_x_0_5761.jpg,Acura TL Sedan 2012,3
3_x_0_5773.jpg,Acura TL Sedan 2012,3
3_x_0_5786.jpg,Acura TL Sedan 2012,3
3_x_0_5788.jpg,Acura TL Sedan 2012,3
3_x_0_5826.jpg,Acura TL Sedan 2012,3
3_x_0_5829.jpg,Acura TL Sedan 2012,3
3_x_0_5852.jpg,Acura TL Sedan 2012,3
3_x_0_5856.jpg,Acura TL Sedan 2012,3
3_x_0_5883.jpg,Acura TL Sedan 2012,3
3_x_0_5891.jpg,Acura TL Sedan 2012,3
3_x_0_5942.jpg,Acura TL Sedan 2012,3
3_x_0_5961.jpg,Acura TL Sedan 2012,3
3_x_0_5963.jpg,Acura TL Sedan 2012,3
3_x_0_5976.jpg,Acura TL Sedan 2012,3
3_x_0_6004.jpg,Acura TL Sedan 2012,3
3_x_0_6014.jpg,Acura TL Sedan 2012,3
3_x_0_6038.jpg,Acura TL Sedan 2012,3
3_x_0_605.jpg,Acura TL Sedan 2012,3
3_x_0_6050.jpg,Acura TL Sedan 2012,3
3_x_0_6061.jpg,Acura TL Sedan 2012,3
3_x_0_6094.jpg,Acura TL Sedan 2012,3
3_x_0_6102.jpg,Acura TL Sedan 2012,3
3_x_0_6134.jpg,Acura TL Sedan 2012,3
3_x_0_6135.jpg,Acura TL Sedan 2012,3
3_x_0_6165.jpg,Acura TL Sedan 2012,3
3_x_0_6176.jpg,Acura TL Sedan 2012,3
3_x_0_6181.jpg,Acura TL Sedan 2012,3
3_x_0_6204.jpg,Acura TL Sedan 2012,3
3_x_0_6217.jpg,Acura TL Sedan 2012,3
3_x_0_6231.jpg,Acura TL Sedan 2012,3
3_x_0_624.jpg,Acura TL Sedan 2012,3
3_x_0_6304.jpg,Acura TL Sedan 2012,3
3_x_0_6320.jpg,Acura TL Sedan 2012,3
3_x_0_6356.jpg,Acura TL Sedan 2012,3
3_x_0_6394.jpg,Acura TL Sedan 2012,3
3_x_0_6402.jpg,Acura TL Sedan 2012,3
3_x_0_6420.jpg,Acura TL Sedan 2012,3
3_x_0_6428.jpg,Acura TL Sedan 2012,3
3_x_0_645.jpg,Acura TL Sedan 2012,3
3_x_0_6470.jpg,Acura TL Sedan 2012,3
3_x_0_6492.jpg,Acura TL Sedan 2012,3
3_x_0_651.jpg,Acura TL Sedan 2012,3
3_x_0_6527.jpg,Acura TL Sedan 2012,3
3_x_0_6531.jpg,Acura TL Sedan 2012,3
3_x_0_6532.jpg,Acura TL Sedan 2012,3
3_x_0_6556.jpg,Acura TL Sedan 2012,3
3_x_0_6590.jpg,Acura TL Sedan 2012,3
3_x_0_6630.jpg,Acura TL Sedan 2012,3
3_x_0_6653.jpg,Acura TL Sedan 2012,3
3_x_0_6678.jpg,Acura TL Sedan 2012,3
3_x_0_6696.jpg,Acura TL Sedan 2012,3
3_x_0_6717.jpg,Acura TL Sedan 2012,3
3_x_0_674.jpg,Acura TL Sedan 2012,3
3_x_0_6740.jpg,Acura TL Sedan 2012,3
3_x_0_6743.jpg,Acura TL Sedan 2012,3
3_x_0_6762.jpg,Acura TL Sedan 2012,3
3_x_0_6774.jpg,Acura TL Sedan 2012,3
3_x_0_6785.jpg,Acura TL Sedan 2012,3
3_x_0_6794.jpg,Acura TL Sedan 2012,3
3_x_0_6800.jpg,Acura TL Sedan 2012,3
3_x_0_682.jpg,Acura TL Sedan 2012,3
3_x_0_6821.jpg,Acura TL Sedan 2012,3
3_x_0_6832.jpg,Acura TL Sedan 2012,3
3_x_0_6850.jpg,Acura TL Sedan 2012,3
3_x_0_6858.jpg,Acura TL Sedan 2012,3
3_x_0_6877.jpg,Acura TL Sedan 2012,3
3_x_0_6939.jpg,Acura TL Sedan 2012,3
3_x_0_695.jpg,Acura TL Sedan 2012,3
3_x_0_6954.jpg,Acura TL Sedan 2012,3
3_x_0_6964.jpg,Acura TL Sedan 2012,3
3_x_0_6986.jpg,Acura TL Sedan 2012,3
3_x_0_6990.jpg,Acura TL Sedan 2012,3
3_x_0_7005.jpg,Acura TL Sedan 2012,3
3_x_0_7021.jpg,Acura TL Sedan 2012,3
3_x_0_704.jpg,Acura TL Sedan 2012,3
3_x_0_7064.jpg,Acura TL Sedan 2012,3
3_x_0_7070.jpg,Acura TL Sedan 2012,3
3_x_0_7096.jpg,Acura TL Sedan 2012,3
3_x_0_7101.jpg,Acura TL Sedan 2012,3
3_x_0_7106.jpg,Acura TL Sedan 2012,3
3_x_0_7176.jpg,Acura TL Sedan 2012,3
3_x_0_7177.jpg,Acura TL Sedan 2012,3
3_x_0_7195.jpg,Acura TL Sedan 2012,3
3_x_0_7225.jpg,Acura TL Sedan 2012,3
3_x_0_7248.jpg,Acura TL Sedan 2012,3
3_x_0_725.jpg,Acura TL Sedan 2012,3
3_x_0_7260.jpg,Acura TL Sedan 2012,3
3_x_0_7267.jpg,Acura TL Sedan 2012,3
3_x_0_7354.jpg,Acura TL Sedan 2012,3
3_x_0_7355.jpg,Acura TL Sedan 2012,3
3_x_0_7365.jpg,Acura TL Sedan 2012,3
3_x_0_7374.jpg,Acura TL Sedan 2012,3
3_x_0_7388.jpg,Acura TL Sedan 2012,3
3_x_0_7398.jpg,Acura TL Sedan 2012,3
3_x_0_743.jpg,Acura TL Sedan 2012,3
3_x_0_7430.jpg,Acura TL Sedan 2012,3
3_x_0_7446.jpg,Acura TL Sedan 2012,3
3_x_0_7468.jpg,Acura TL Sedan 2012,3
3_x_0_7471.jpg,Acura TL Sedan 2012,3
3_x_0_7476.jpg,Acura TL Sedan 2012,3
3_x_0_7485.jpg,Acura TL Sedan 2012,3
3_x_0_7509.jpg,Acura TL Sedan 2012,3
3_x_0_7512.jpg,Acura TL Sedan 2012,3
3_x_0_7573.jpg,Acura TL Sedan 2012,3
3_x_0_7669.jpg,Acura TL Sedan 2012,3
3_x_0_7719.jpg,Acura TL Sedan 2012,3
3_x_0_7735.jpg,Acura TL Sedan 2012,3
3_x_0_7800.jpg,Acura TL Sedan 2012,3
3_x_0_7802.jpg,Acura TL Sedan 2012,3
3_x_0_7809.jpg,Acura TL Sedan 2012,3
3_x_0_7865.jpg,Acura TL Sedan 2012,3
3_x_0_7888.jpg,Acura TL Sedan 2012,3
3_x_0_7910.jpg,Acura TL Sedan 2012,3
3_x_0_7927.jpg,Acura TL Sedan 2012,3
3_x_0_7928.jpg,Acura TL Sedan 2012,3
3_x_0_7947.jpg,Acura TL Sedan 2012,3
3_x_0_799.jpg,Acura TL Sedan 2012,3
3_x_0_8076.jpg,Acura TL Sedan 2012,3
3_x_0_8095.jpg,Acura TL Sedan 2012,3
3_x_0_8101.jpg,Acura TL Sedan 2012,3
3_x_0_8109.jpg,Acura TL Sedan 2012,3
3_x_0_8111.jpg,Acura TL Sedan 2012,3
3_x_0_8145.jpg,Acura TL Sedan 2012,3
3_x_0_8163.jpg,Acura TL Sedan 2012,3
3_x_0_8182.jpg,Acura TL Sedan 2012,3
3_x_0_82.jpg,Acura TL Sedan 2012,3
3_x_0_8222.jpg,Acura TL Sedan 2012,3
3_x_0_8225.jpg,Acura TL Sedan 2012,3
3_x_0_8238.jpg,Acura TL Sedan 2012,3
3_x_0_8261.jpg,Acura TL Sedan 2012,3
3_x_0_8269.jpg,Acura TL Sedan 2012,3
3_x_0_8290.jpg,Acura TL Sedan 2012,3
3_x_0_83.jpg,Acura TL Sedan 2012,3
3_x_0_8364.jpg,Acura TL Sedan 2012,3
3_x_0_8380.jpg,Acura TL Sedan 2012,3
3_x_0_8402.jpg,Acura TL Sedan 2012,3
3_x_0_8426.jpg,Acura TL Sedan 2012,3
3_x_0_8433.jpg,Acura TL Sedan 2012,3
3_x_0_8448.jpg,Acura TL Sedan 2012,3
3_x_0_8475.jpg,Acura TL Sedan 2012,3
3_x_0_8481.jpg,Acura TL Sedan 2012,3
3_x_0_8490.jpg,Acura TL Sedan 2012,3
3_x_0_8491.jpg,Acura TL Sedan 2012,3
3_x_0_8514.jpg,Acura TL Sedan 2012,3
3_x_0_8540.jpg,Acura TL Sedan 2012,3
3_x_0_859.jpg,Acura TL Sedan 2012,3
3_x_0_8599.jpg,Acura TL Sedan 2012,3
3_x_0_8631.jpg,Acura TL Sedan 2012,3
3_x_0_8632.jpg,Acura TL Sedan 2012,3
3_x_0_8635.jpg,Acura TL Sedan 2012,3
3_x_0_8648.jpg,Acura TL Sedan 2012,3
3_x_0_8656.jpg,Acura TL Sedan 2012,3
3_x_0_87.jpg,Acura TL Sedan 2012,3
3_x_0_870.jpg,Acura TL Sedan 2012,3
3_x_0_873.jpg,Acura TL Sedan 2012,3
3_x_0_8738.jpg,Acura TL Sedan 2012,3
3_x_0_8753.jpg,Acura TL Sedan 2012,3
3_x_0_881.jpg,Acura TL Sedan 2012,3
3_x_0_8814.jpg,Acura TL Sedan 2012,3
3_x_0_8826.jpg,Acura TL Sedan 2012,3
3_x_0_8831.jpg,Acura TL Sedan 2012,3
3_x_0_8833.jpg,Acura TL Sedan 2012,3
3_x_0_8853.jpg,Acura TL Sedan 2012,3
3_x_0_8855.jpg,Acura TL Sedan 2012,3
3_x_0_8868.jpg,Acura TL Sedan 2012,3
3_x_0_8886.jpg,Acura TL Sedan 2012,3
3_x_0_8889.jpg,Acura TL Sedan 2012,3
3_x_0_891.jpg,Acura TL Sedan 2012,3
3_x_0_8975.jpg,Acura TL Sedan 2012,3
3_x_0_8978.jpg,Acura TL Sedan 2012,3
3_x_0_9000.jpg,Acura TL Sedan 2012,3
3_x_0_9011.jpg,Acura TL Sedan 2012,3
3_x_0_9022.jpg,Acura TL Sedan 2012,3
3_x_0_9054.jpg,Acura TL Sedan 2012,3
3_x_0_9071.jpg,Acura TL Sedan 2012,3
3_x_0_9076.jpg,Acura TL Sedan 2012,3
3_x_0_9082.jpg,Acura TL Sedan 2012,3
3_x_0_9109.jpg,Acura TL Sedan 2012,3
3_x_0_9135.jpg,Acura TL Sedan 2012,3
3_x_0_9174.jpg,Acura TL Sedan 2012,3
3_x_0_9177.jpg,Acura TL Sedan 2012,3
3_x_0_9221.jpg,Acura TL Sedan 2012,3
3_x_0_9229.jpg,Acura TL Sedan 2012,3
3_x_0_9256.jpg,Acura TL Sedan 2012,3
3_x_0_929.jpg,Acura TL Sedan 2012,3
3_x_0_9291.jpg,Acura TL Sedan 2012,3
3_x_0_930.jpg,Acura TL Sedan 2012,3
3_x_0_9308.jpg,Acura TL Sedan 2012,3
3_x_0_9310.jpg,Acura TL Sedan 2012,3
3_x_0_9331.jpg,Acura TL Sedan 2012,3
3_x_0_9332.jpg,Acura TL Sedan 2012,3
3_x_0_9346.jpg,Acura TL Sedan 2012,3
3_x_0_9384.jpg,Acura TL Sedan 2012,3
3_x_0_9406.jpg,Acura TL Sedan 2012,3
3_x_0_9421.jpg,Acura TL Sedan 2012,3
3_x_0_9437.jpg,Acura TL Sedan 2012,3
3_x_0_9448.jpg,Acura TL Sedan 2012,3
3_x_0_9455.jpg,Acura TL Sedan 2012,3
3_x_0_9468.jpg,Acura TL Sedan 2012,3
3_x_0_9478.jpg,Acura TL Sedan 2012,3
3_x_0_9481.jpg,Acura TL Sedan 2012,3
3_x_0_9502.jpg,Acura TL Sedan 2012,3
3_x_0_9503.jpg,Acura TL Sedan 2012,3
3_x_0_9509.jpg,Acura TL Sedan 2012,3
3_x_0_9526.jpg,Acura TL Sedan 2012,3
3_x_0_9557.jpg,Acura TL Sedan 2012,3
3_x_0_9579.jpg,Acura TL Sedan 2012,3
3_x_0_9590.jpg,Acura TL Sedan 2012,3
3_x_0_9592.jpg,Acura TL Sedan 2012,3
3_x_0_9604.jpg,Acura TL Sedan 2012,3
3_x_0_9612.jpg,Acura TL Sedan 2012,3
3_x_0_9614.jpg,Acura TL Sedan 2012,3
3_x_0_9616.jpg,Acura TL Sedan 2012,3
3_x_0_9629.jpg,Acura TL Sedan 2012,3
3_x_0_9630.jpg,Acura TL Sedan 2012,3
3_x_0_9635.jpg,Acura TL Sedan 2012,3
3_x_0_9673.jpg,Acura TL Sedan 2012,3
3_x_0_9683.jpg,Acura TL Sedan 2012,3
3_x_0_9690.jpg,Acura TL Sedan 2012,3
3_x_0_9702.jpg,Acura TL Sedan 2012,3
3_x_0_9703.jpg,Acura TL Sedan 2012,3
3_x_0_9767.jpg,Acura TL Sedan 2012,3
3_x_0_9774.jpg,Acura TL Sedan 2012,3
3_x_0_9781.jpg,Acura TL Sedan 2012,3
3_x_0_9815.jpg,Acura TL Sedan 2012,3
3_x_0_988.jpg,Acura TL Sedan 2012,3
3_x_0_9888.jpg,Acura TL Sedan 2012,3
3_x_0_9952.jpg,Acura TL Sedan 2012,3
3_x_0_9980.jpg,Acura TL Sedan 2012,3
3_x_0_9988.jpg,Acura TL Sedan 2012,3
3_x_0_9996.jpg,Acura TL Sedan 2012,3
3_x_0_9998.jpg,Acura TL Sedan 2012,3
4_x_0_1007.jpg,Acura TL Type-S 2008,4
4_x_0_1012.jpg,Acura TL Type-S 2008,4
4_x_0_1022.jpg,Acura TL Type-S 2008,4
4_x_0_1069.jpg,Acura TL Type-S 2008,4
4_x_0_1087.jpg,Acura TL Type-S 2008,4
4_x_0_1088.jpg,Acura TL Type-S 2008,4
4_x_0_1094.jpg,Acura TL Type-S 2008,4
4_x_0_112.jpg,Acura TL Type-S 2008,4
4_x_0_115.jpg,Acura TL Type-S 2008,4
4_x_0_1202.jpg,Acura TL Type-S 2008,4
4_x_0_1209.jpg,Acura TL Type-S 2008,4
4_x_0_1211.jpg,Acura TL Type-S 2008,4
4_x_0_1232.jpg,Acura TL Type-S 2008,4
4_x_0_1287.jpg,Acura TL Type-S 2008,4
4_x_0_1290.jpg,Acura TL Type-S 2008,4
4_x_0_1334.jpg,Acura TL Type-S 2008,4
4_x_0_1342.jpg,Acura TL Type-S 2008,4
4_x_0_1358.jpg,Acura TL Type-S 2008,4
4_x_0_1403.jpg,Acura TL Type-S 2008,4
4_x_0_1415.jpg,Acura TL Type-S 2008,4
4_x_0_1450.jpg,Acura TL Type-S 2008,4
4_x_0_1465.jpg,Acura TL Type-S 2008,4
4_x_0_1473.jpg,Acura TL Type-S 2008,4
4_x_0_15.jpg,Acura TL Type-S 2008,4
4_x_0_1537.jpg,Acura TL Type-S 2008,4
4_x_0_1580.jpg,Acura TL Type-S 2008,4
4_x_0_1582.jpg,Acura TL Type-S 2008,4
4_x_0_1601.jpg,Acura TL Type-S 2008,4
4_x_0_1631.jpg,Acura TL Type-S 2008,4
4_x_0_1635.jpg,Acura TL Type-S 2008,4
4_x_0_1642.jpg,Acura TL Type-S 2008,4
4_x_0_1661.jpg,Acura TL Type-S 2008,4
4_x_0_1698.jpg,Acura TL Type-S 2008,4
4_x_0_1707.jpg,Acura TL Type-S 2008,4
4_x_0_1729.jpg,Acura TL Type-S 2008,4
4_x_0_1749.jpg,Acura TL Type-S 2008,4
4_x_0_1753.jpg,Acura TL Type-S 2008,4
4_x_0_1801.jpg,Acura TL Type-S 2008,4
4_x_0_181.jpg,Acura TL Type-S 2008,4
4_x_0_1831.jpg,Acura TL Type-S 2008,4
4_x_0_1843.jpg,Acura TL Type-S 2008,4
4_x_0_1863.jpg,Acura TL Type-S 2008,4
4_x_0_1921.jpg,Acura TL Type-S 2008,4
4_x_0_1928.jpg,Acura TL Type-S 2008,4
4_x_0_1969.jpg,Acura TL Type-S 2008,4
4_x_0_1970.jpg,Acura TL Type-S 2008,4
4_x_0_2001.jpg,Acura TL Type-S 2008,4
4_x_0_2025.jpg,Acura TL Type-S 2008,4
4_x_0_2064.jpg,Acura TL Type-S 2008,4
4_x_0_2111.jpg,Acura TL Type-S 2008,4
4_x_0_2115.jpg,Acura TL Type-S 2008,4
4_x_0_2148.jpg,Acura TL Type-S 2008,4
4_x_0_215.jpg,Acura TL Type-S 2008,4
4_x_0_2162.jpg,Acura TL Type-S 2008,4
4_x_0_2170.jpg,Acura TL Type-S 2008,4
4_x_0_2191.jpg,Acura TL Type-S 2008,4
4_x_0_2223.jpg,Acura TL Type-S 2008,4
4_x_0_2231.jpg,Acura TL Type-S 2008,4
4_x_0_2232.jpg,Acura TL Type-S 2008,4
4_x_0_2253.jpg,Acura TL Type-S 2008,4
4_x_0_2288.jpg,Acura TL Type-S 2008,4
4_x_0_2309.jpg,Acura TL Type-S 2008,4
4_x_0_2316.jpg,Acura TL Type-S 2008,4
4_x_0_233.jpg,Acura TL Type-S 2008,4
4_x_0_2347.jpg,Acura TL Type-S 2008,4
4_x_0_2365.jpg,Acura TL Type-S 2008,4
4_x_0_2387.jpg,Acura TL Type-S 2008,4
4_x_0_2410.jpg,Acura TL Type-S 2008,4
4_x_0_2494.jpg,Acura TL Type-S 2008,4
4_x_0_2496.jpg,Acura TL Type-S 2008,4
4_x_0_2528.jpg,Acura TL Type-S 2008,4
4_x_0_2555.jpg,Acura TL Type-S 2008,4
4_x_0_2564.jpg,Acura TL Type-S 2008,4
4_x_0_2571.jpg,Acura TL Type-S 2008,4
4_x_0_2578.jpg,Acura TL Type-S 2008,4
4_x_0_2611.jpg,Acura TL Type-S 2008,4
4_x_0_2637.jpg,Acura TL Type-S 2008,4
4_x_0_2669.jpg,Acura TL Type-S 2008,4
4_x_0_267.jpg,Acura TL Type-S 2008,4
4_x_0_2729.jpg,Acura TL Type-S 2008,4
4_x_0_2738.jpg,Acura TL Type-S 2008,4
4_x_0_2772.jpg,Acura TL Type-S 2008,4
4_x_0_2796.jpg,Acura TL Type-S 2008,4
4_x_0_283.jpg,Acura TL Type-S 2008,4
4_x_0_2866.jpg,Acura TL Type-S 2008,4
4_x_0_2876.jpg,Acura TL Type-S 2008,4
4_x_0_2890.jpg,Acura TL Type-S 2008,4
4_x_0_2908.jpg,Acura TL Type-S 2008,4
4_x_0_2913.jpg,Acura TL Type-S 2008,4
4_x_0_2914.jpg,Acura TL Type-S 2008,4
4_x_0_2951.jpg,Acura TL Type-S 2008,4
4_x_0_2964.jpg,Acura TL Type-S 2008,4
4_x_0_2973.jpg,Acura TL Type-S 2008,4
4_x_0_3.jpg,Acura TL Type-S 2008,4
4_x_0_3018.jpg,Acura TL Type-S 2008,4
4_x_0_3028.jpg,Acura TL Type-S 2008,4
4_x_0_3047.jpg,Acura TL Type-S 2008,4
4_x_0_3065.jpg,Acura TL Type-S 2008,4
4_x_0_3073.jpg,Acura TL Type-S 2008,4
4_x_0_3074.jpg,Acura TL Type-S 2008,4
4_x_0_3124.jpg,Acura TL Type-S 2008,4
4_x_0_3130.jpg,Acura TL Type-S 2008,4
4_x_0_3147.jpg,Acura TL Type-S 2008,4
4_x_0_3148.jpg,Acura TL Type-S 2008,4
4_x_0_3149.jpg,Acura TL Type-S 2008,4
4_x_0_3195.jpg,Acura TL Type-S 2008,4
4_x_0_3212.jpg,Acura TL Type-S 2008,4
4_x_0_3228.jpg,Acura TL Type-S 2008,4
4_x_0_3260.jpg,Acura TL Type-S 2008,4
4_x_0_3264.jpg,Acura TL Type-S 2008,4
4_x_0_3287.jpg,Acura TL Type-S 2008,4
4_x_0_3312.jpg,Acura TL Type-S 2008,4
4_x_0_3320.jpg,Acura TL Type-S 2008,4
4_x_0_3335.jpg,Acura TL Type-S 2008,4
4_x_0_334.jpg,Acura TL Type-S 2008,4
4_x_0_3345.jpg,Acura TL Type-S 2008,4
4_x_0_3363.jpg,Acura TL Type-S 2008,4
4_x_0_3382.jpg,Acura TL Type-S 2008,4
4_x_0_3392.jpg,Acura TL Type-S 2008,4
4_x_0_3441.jpg,Acura TL Type-S 2008,4
4_x_0_3447.jpg,Acura TL Type-S 2008,4
4_x_0_3455.jpg,Acura TL Type-S 2008,4
4_x_0_3517.jpg,Acura TL Type-S 2008,4
4_x_0_3522.jpg,Acura TL Type-S 2008,4
4_x_0_3552.jpg,Acura TL Type-S 2008,4
4_x_0_3589.jpg,Acura TL Type-S 2008,4
4_x_0_3704.jpg,Acura TL Type-S 2008,4
4_x_0_3728.jpg,Acura TL Type-S 2008,4
4_x_0_3744.jpg,Acura TL Type-S 2008,4
4_x_0_3747.jpg,Acura TL Type-S 2008,4
4_x_0_3750.jpg,Acura TL Type-S 2008,4
4_x_0_3751.jpg,Acura TL Type-S 2008,4
4_x_0_3765.jpg,Acura TL Type-S 2008,4
4_x_0_3826.jpg,Acura TL Type-S 2008,4
4_x_0_3827.jpg,Acura TL Type-S 2008,4
4_x_0_3834.jpg,Acura TL Type-S 2008,4
4_x_0_3840.jpg,Acura TL Type-S 2008,4
4_x_0_3865.jpg,Acura TL Type-S 2008,4
4_x_0_389.jpg,Acura TL Type-S 2008,4
4_x_0_3894.jpg,Acura TL Type-S 2008,4
4_x_0_390.jpg,Acura TL Type-S 2008,4
4_x_0_3915.jpg,Acura TL Type-S 2008,4
4_x_0_3938.jpg,Acura TL Type-S 2008,4
4_x_0_4012.jpg,Acura TL Type-S 2008,4
4_x_0_403.jpg,Acura TL Type-S 2008,4
4_x_0_4035.jpg,Acura TL Type-S 2008,4
4_x_0_4060.jpg,Acura TL Type-S 2008,4
4_x_0_4067.jpg,Acura TL Type-S 2008,4
4_x_0_4070.jpg,Acura TL Type-S 2008,4
4_x_0_4150.jpg,Acura TL Type-S 2008,4
4_x_0_4160.jpg,Acura TL Type-S 2008,4
4_x_0_4166.jpg,Acura TL Type-S 2008,4
4_x_0_4168.jpg,Acura TL Type-S 2008,4
4_x_0_4174.jpg,Acura TL Type-S 2008,4
4_x_0_4192.jpg,Acura TL Type-S 2008,4
4_x_0_4205.jpg,Acura TL Type-S 2008,4
4_x_0_4208.jpg,Acura TL Type-S 2008,4
4_x_0_4212.jpg,Acura TL Type-S 2008,4
4_x_0_422.jpg,Acura TL Type-S 2008,4
4_x_0_423.jpg,Acura TL Type-S 2008,4
4_x_0_4246.jpg,Acura TL Type-S 2008,4
4_x_0_4257.jpg,Acura TL Type-S 2008,4
4_x_0_4279.jpg,Acura TL Type-S 2008,4
4_x_0_4287.jpg,Acura TL Type-S 2008,4
4_x_0_429.jpg,Acura TL Type-S 2008,4
4_x_0_4306.jpg,Acura TL Type-S 2008,4
4_x_0_4323.jpg,Acura TL Type-S 2008,4
4_x_0_4339.jpg,Acura TL Type-S 2008,4
4_x_0_4341.jpg,Acura TL Type-S 2008,4
4_x_0_4345.jpg,Acura TL Type-S 2008,4
4_x_0_4356.jpg,Acura TL Type-S 2008,4
4_x_0_4376.jpg,Acura TL Type-S 2008,4
4_x_0_4392.jpg,Acura TL Type-S 2008,4
4_x_0_4393.jpg,Acura TL Type-S 2008,4
4_x_0_4450.jpg,Acura TL Type-S 2008,4
4_x_0_4453.jpg,Acura TL Type-S 2008,4
4_x_0_4477.jpg,Acura TL Type-S 2008,4
4_x_0_4487.jpg,Acura TL Type-S 2008,4
4_x_0_4497.jpg,Acura TL Type-S 2008,4
4_x_0_4576.jpg,Acura TL Type-S 2008,4
4_x_0_4604.jpg,Acura TL Type-S 2008,4
4_x_0_4626.jpg,Acura TL Type-S 2008,4
4_x_0_4633.jpg,Acura TL Type-S 2008,4
4_x_0_464.jpg,Acura TL Type-S 2008,4
4_x_0_4699.jpg,Acura TL Type-S 2008,4
4_x_0_4718.jpg,Acura TL Type-S 2008,4
4_x_0_4735.jpg,Acura TL Type-S 2008,4
4_x_0_4789.jpg,Acura TL Type-S 2008,4
4_x_0_4793.jpg,Acura TL Type-S 2008,4
4_x_0_483.jpg,Acura TL Type-S 2008,4
4_x_0_4843.jpg,Acura TL Type-S 2008,4
4_x_0_4862.jpg,Acura TL Type-S 2008,4
4_x_0_4867.jpg,Acura TL Type-S 2008,4
4_x_0_487.jpg,Acura TL Type-S 2008,4
4_x_0_4871.jpg,Acura TL Type-S 2008,4
4_x_0_4905.jpg,Acura TL Type-S 2008,4
4_x_0_5103.jpg,Acura TL Type-S 2008,4
4_x_0_5123.jpg,Acura TL Type-S 2008,4
4_x_0_5136.jpg,Acura TL Type-S 2008,4
4_x_0_514.jpg,Acura TL Type-S 2008,4
4_x_0_5141.jpg,Acura TL Type-S 2008,4
4_x_0_5204.jpg,Acura TL Type-S 2008,4
4_x_0_5226.jpg,Acura TL Type-S 2008,4
4_x_0_5242.jpg,Acura TL Type-S 2008,4
4_x_0_5261.jpg,Acura TL Type-S 2008,4
4_x_0_5270.jpg,Acura TL Type-S 2008,4
4_x_0_5274.jpg,Acura TL Type-S 2008,4
4_x_0_5293.jpg,Acura TL Type-S 2008,4
4_x_0_5297.jpg,Acura TL Type-S 2008,4
4_x_0_5324.jpg,Acura TL Type-S 2008,4
4_x_0_5371.jpg,Acura TL Type-S 2008,4
4_x_0_5397.jpg,Acura TL Type-S 2008,4
4_x_0_5445.jpg,Acura TL Type-S 2008,4
4_x_0_5489.jpg,Acura TL Type-S 2008,4
4_x_0_5524.jpg,Acura TL Type-S 2008,4
4_x_0_5537.jpg,Acura TL Type-S 2008,4
4_x_0_5556.jpg,Acura TL Type-S 2008,4
4_x_0_5571.jpg,Acura TL Type-S 2008,4
4_x_0_5589.jpg,Acura TL Type-S 2008,4
4_x_0_5593.jpg,Acura TL Type-S 2008,4
4_x_0_5599.jpg,Acura TL Type-S 2008,4
4_x_0_5632.jpg,Acura TL Type-S 2008,4
4_x_0_5667.jpg,Acura TL Type-S 2008,4
4_x_0_5690.jpg,Acura TL Type-S 2008,4
4_x_0_5698.jpg,Acura TL Type-S 2008,4
4_x_0_5727.jpg,Acura TL Type-S 2008,4
4_x_0_5736.jpg,Acura TL Type-S 2008,4
4_x_0_5737.jpg,Acura TL Type-S 2008,4
4_x_0_5743.jpg,Acura TL Type-S 2008,4
4_x_0_5748.jpg,Acura TL Type-S 2008,4
4_x_0_5760.jpg,Acura TL Type-S 2008,4
4_x_0_5764.jpg,Acura TL Type-S 2008,4
4_x_0_5783.jpg,Acura TL Type-S 2008,4
4_x_0_579.jpg,Acura TL Type-S 2008,4
4_x_0_5814.jpg,Acura TL Type-S 2008,4
4_x_0_5833.jpg,Acura TL Type-S 2008,4
4_x_0_584.jpg,Acura TL Type-S 2008,4
4_x_0_5843.jpg,Acura TL Type-S 2008,4
4_x_0_5844.jpg,Acura TL Type-S 2008,4
4_x_0_5849.jpg,Acura TL Type-S 2008,4
4_x_0_5878.jpg,Acura TL Type-S 2008,4
4_x_0_5888.jpg,Acura TL Type-S 2008,4
4_x_0_5903.jpg,Acura TL Type-S 2008,4
4_x_0_5906.jpg,Acura TL Type-S 2008,4
4_x_0_5917.jpg,Acura TL Type-S 2008,4
4_x_0_5931.jpg,Acura TL Type-S 2008,4
4_x_0_5932.jpg,Acura TL Type-S 2008,4
4_x_0_5935.jpg,Acura TL Type-S 2008,4
4_x_0_595.jpg,Acura TL Type-S 2008,4
4_x_0_6016.jpg,Acura TL Type-S 2008,4
4_x_0_6042.jpg,Acura TL Type-S 2008,4
4_x_0_6043.jpg,Acura TL Type-S 2008,4
4_x_0_607.jpg,Acura TL Type-S 2008,4
4_x_0_6082.jpg,Acura TL Type-S 2008,4
4_x_0_6130.jpg,Acura TL Type-S 2008,4
4_x_0_6135.jpg,Acura TL Type-S 2008,4
4_x_0_6147.jpg,Acura TL Type-S 2008,4
4_x_0_6155.jpg,Acura TL Type-S 2008,4
4_x_0_6183.jpg,Acura TL Type-S 2008,4
4_x_0_6184.jpg,Acura TL Type-S 2008,4
4_x_0_6194.jpg,Acura TL Type-S 2008,4
4_x_0_6201.jpg,Acura TL Type-S 2008,4
4_x_0_6203.jpg,Acura TL Type-S 2008,4
4_x_0_6220.jpg,Acura TL Type-S 2008,4
4_x_0_6238.jpg,Acura TL Type-S 2008,4
4_x_0_6242.jpg,Acura TL Type-S 2008,4
4_x_0_6273.jpg,Acura TL Type-S 2008,4
4_x_0_6308.jpg,Acura TL Type-S 2008,4
4_x_0_6322.jpg,Acura TL Type-S 2008,4
4_x_0_6328.jpg,Acura TL Type-S 2008,4
4_x_0_6337.jpg,Acura TL Type-S 2008,4
4_x_0_6405.jpg,Acura TL Type-S 2008,4
4_x_0_6424.jpg,Acura TL Type-S 2008,4
4_x_0_6440.jpg,Acura TL Type-S 2008,4
4_x_0_6442.jpg,Acura TL Type-S 2008,4
4_x_0_6458.jpg,Acura TL Type-S 2008,4
4_x_0_6465.jpg,Acura TL Type-S 2008,4
4_x_0_6511.jpg,Acura TL Type-S 2008,4
4_x_0_6518.jpg,Acura TL Type-S 2008,4
4_x_0_653.jpg,Acura TL Type-S 2008,4
4_x_0_6577.jpg,Acura TL Type-S 2008,4
4_x_0_6579.jpg,Acura TL Type-S 2008,4
4_x_0_6596.jpg,Acura TL Type-S 2008,4
4_x_0_662.jpg,Acura TL Type-S 2008,4
4_x_0_6620.jpg,Acura TL Type-S 2008,4
4_x_0_6625.jpg,Acura TL Type-S 2008,4
4_x_0_6655.jpg,Acura TL Type-S 2008,4
4_x_0_6656.jpg,Acura TL Type-S 2008,4
4_x_0_6673.jpg,Acura TL Type-S 2008,4
4_x_0_668.jpg,Acura TL Type-S 2008,4
4_x_0_6695.jpg,Acura TL Type-S 2008,4
4_x_0_6699.jpg,Acura TL Type-S 2008,4
4_x_0_6726.jpg,Acura TL Type-S 2008,4
4_x_0_6728.jpg,Acura TL Type-S 2008,4
4_x_0_6730.jpg,Acura TL Type-S 2008,4
4_x_0_6738.jpg,Acura TL Type-S 2008,4
4_x_0_6852.jpg,Acura TL Type-S 2008,4
4_x_0_6854.jpg,Acura TL Type-S 2008,4
4_x_0_6861.jpg,Acura TL Type-S 2008,4
4_x_0_6872.jpg,Acura TL Type-S 2008,4
4_x_0_6877.jpg,Acura TL Type-S 2008,4
4_x_0_6906.jpg,Acura TL Type-S 2008,4
4_x_0_6925.jpg,Acura TL Type-S 2008,4
4_x_0_6945.jpg,Acura TL Type-S 2008,4
4_x_0_6950.jpg,Acura TL Type-S 2008,4
4_x_0_6964.jpg,Acura TL Type-S 2008,4
4_x_0_6965.jpg,Acura TL Type-S 2008,4
4_x_0_6971.jpg,Acura TL Type-S 2008,4
4_x_0_6979.jpg,Acura TL Type-S 2008,4
4_x_0_6981.jpg,Acura TL Type-S 2008,4
4_x_0_6982.jpg,Acura TL Type-S 2008,4
4_x_0_6987.jpg,Acura TL Type-S 2008,4
4_x_0_7015.jpg,Acura TL Type-S 2008,4
4_x_0_7032.jpg,Acura TL Type-S 2008,4
4_x_0_7057.jpg,Acura TL Type-S 2008,4
4_x_0_7066.jpg,Acura TL Type-S 2008,4
4_x_0_7085.jpg,Acura TL Type-S 2008,4
4_x_0_7088.jpg,Acura TL Type-S 2008,4
4_x_0_7117.jpg,Acura TL Type-S 2008,4
4_x_0_7118.jpg,Acura TL Type-S 2008,4
4_x_0_7135.jpg,Acura TL Type-S 2008,4
4_x_0_7136.jpg,Acura TL Type-S 2008,4
4_x_0_7156.jpg,Acura TL Type-S 2008,4
4_x_0_7185.jpg,Acura TL Type-S 2008,4
4_x_0_7203.jpg,Acura TL Type-S 2008,4
4_x_0_7221.jpg,Acura TL Type-S 2008,4
4_x_0_724.jpg,Acura TL Type-S 2008,4
4_x_0_7243.jpg,Acura TL Type-S 2008,4
4_x_0_7254.jpg,Acura TL Type-S 2008,4
4_x_0_7266.jpg,Acura TL Type-S 2008,4
4_x_0_7269.jpg,Acura TL Type-S 2008,4
4_x_0_7275.jpg,Acura TL Type-S 2008,4
4_x_0_7279.jpg,Acura TL Type-S 2008,4
4_x_0_7289.jpg,Acura TL Type-S 2008,4
4_x_0_7321.jpg,Acura TL Type-S 2008,4
4_x_0_7351.jpg,Acura TL Type-S 2008,4
4_x_0_7354.jpg,Acura TL Type-S 2008,4
4_x_0_7360.jpg,Acura TL Type-S 2008,4
4_x_0_737.jpg,Acura TL Type-S 2008,4
4_x_0_7377.jpg,Acura TL Type-S 2008,4
4_x_0_7428.jpg,Acura TL Type-S 2008,4
4_x_0_744.jpg,Acura TL Type-S 2008,4
4_x_0_746.jpg,Acura TL Type-S 2008,4
4_x_0_7472.jpg,Acura TL Type-S 2008,4
4_x_0_7478.jpg,Acura TL Type-S 2008,4
4_x_0_7485.jpg,Acura TL Type-S 2008,4
4_x_0_7494.jpg,Acura TL Type-S 2008,4
4_x_0_7508.jpg,Acura TL Type-S 2008,4
4_x_0_7509.jpg,Acura TL Type-S 2008,4
4_x_0_7515.jpg,Acura TL Type-S 2008,4
4_x_0_757.jpg,Acura TL Type-S 2008,4
4_x_0_7595.jpg,Acura TL Type-S 2008,4
4_x_0_7609.jpg,Acura TL Type-S 2008,4
4_x_0_762.jpg,Acura TL Type-S 2008,4
4_x_0_7632.jpg,Acura TL Type-S 2008,4
4_x_0_7688.jpg,Acura TL Type-S 2008,4
4_x_0_7706.jpg,Acura TL Type-S 2008,4
4_x_0_7712.jpg,Acura TL Type-S 2008,4
4_x_0_7731.jpg,Acura TL Type-S 2008,4
4_x_0_7754.jpg,Acura TL Type-S 2008,4
4_x_0_7761.jpg,Acura TL Type-S 2008,4
4_x_0_778.jpg,Acura TL Type-S 2008,4
4_x_0_7783.jpg,Acura TL Type-S 2008,4
4_x_0_7822.jpg,Acura TL Type-S 2008,4
4_x_0_7832.jpg,Acura TL Type-S 2008,4
4_x_0_7839.jpg,Acura TL Type-S 2008,4
4_x_0_7844.jpg,Acura TL Type-S 2008,4
4_x_0_7856.jpg,Acura TL Type-S 2008,4
4_x_0_7857.jpg,Acura TL Type-S 2008,4
4_x_0_7879.jpg,Acura TL Type-S 2008,4
4_x_0_7891.jpg,Acura TL Type-S 2008,4
4_x_0_7922.jpg,Acura TL Type-S 2008,4
4_x_0_7926.jpg,Acura TL Type-S 2008,4
4_x_0_7979.jpg,Acura TL Type-S 2008,4
4_x_0_7996.jpg,Acura TL Type-S 2008,4
4_x_0_803.jpg,Acura TL Type-S 2008,4
4_x_0_8062.jpg,Acura TL Type-S 2008,4
4_x_0_8069.jpg,Acura TL Type-S 2008,4
4_x_0_8079.jpg,Acura TL Type-S 2008,4
4_x_0_810.jpg,Acura TL Type-S 2008,4
4_x_0_8149.jpg,Acura TL Type-S 2008,4
4_x_0_815.jpg,Acura TL Type-S 2008,4
4_x_0_8154.jpg,Acura TL Type-S 2008,4
4_x_0_8158.jpg,Acura TL Type-S 2008,4
4_x_0_8174.jpg,Acura TL Type-S 2008,4
4_x_0_8194.jpg,Acura TL Type-S 2008,4
4_x_0_8201.jpg,Acura TL Type-S 2008,4
4_x_0_8214.jpg,Acura TL Type-S 2008,4
4_x_0_8219.jpg,Acura TL Type-S 2008,4
4_x_0_8224.jpg,Acura TL Type-S 2008,4
4_x_0_8243.jpg,Acura TL Type-S 2008,4
4_x_0_8244.jpg,Acura TL Type-S 2008,4
4_x_0_827.jpg,Acura TL Type-S 2008,4
4_x_0_8299.jpg,Acura TL Type-S 2008,4
4_x_0_8327.jpg,Acura TL Type-S 2008,4
4_x_0_8328.jpg,Acura TL Type-S 2008,4
4_x_0_8356.jpg,Acura TL Type-S 2008,4
4_x_0_8422.jpg,Acura TL Type-S 2008,4
4_x_0_8523.jpg,Acura TL Type-S 2008,4
4_x_0_8574.jpg,Acura TL Type-S 2008,4
4_x_0_8580.jpg,Acura TL Type-S 2008,4
4_x_0_8596.jpg,Acura TL Type-S 2008,4
4_x_0_8608.jpg,Acura TL Type-S 2008,4
4_x_0_8640.jpg,Acura TL Type-S 2008,4
4_x_0_8688.jpg,Acura TL Type-S 2008,4
4_x_0_8708.jpg,Acura TL Type-S 2008,4
4_x_0_8710.jpg,Acura TL Type-S 2008,4
4_x_0_8727.jpg,Acura TL Type-S 2008,4
4_x_0_8737.jpg,Acura TL Type-S 2008,4
4_x_0_8760.jpg,Acura TL Type-S 2008,4
4_x_0_8811.jpg,Acura TL Type-S 2008,4
4_x_0_8822.jpg,Acura TL Type-S 2008,4
4_x_0_8831.jpg,Acura TL Type-S 2008,4
4_x_0_8832.jpg,Acura TL Type-S 2008,4
4_x_0_8890.jpg,Acura TL Type-S 2008,4
4_x_0_8908.jpg,Acura TL Type-S 2008,4
4_x_0_892.jpg,Acura TL Type-S 2008,4
4_x_0_8926.jpg,Acura TL Type-S 2008,4
4_x_0_8929.jpg,Acura TL Type-S 2008,4
4_x_0_894.jpg,Acura TL Type-S 2008,4
4_x_0_8940.jpg,Acura TL Type-S 2008,4
4_x_0_8950.jpg,Acura TL Type-S 2008,4
4_x_0_8952.jpg,Acura TL Type-S 2008,4
4_x_0_8963.jpg,Acura TL Type-S 2008,4
4_x_0_8976.jpg,Acura TL Type-S 2008,4
4_x_0_903.jpg,Acura TL Type-S 2008,4
4_x_0_9041.jpg,Acura TL Type-S 2008,4
4_x_0_9042.jpg,Acura TL Type-S 2008,4
4_x_0_9074.jpg,Acura TL Type-S 2008,4
4_x_0_9080.jpg,Acura TL Type-S 2008,4
4_x_0_9099.jpg,Acura TL Type-S 2008,4
4_x_0_9111.jpg,Acura TL Type-S 2008,4
4_x_0_9130.jpg,Acura TL Type-S 2008,4
4_x_0_9145.jpg,Acura TL Type-S 2008,4
4_x_0_9151.jpg,Acura TL Type-S 2008,4
4_x_0_9153.jpg,Acura TL Type-S 2008,4
4_x_0_9156.jpg,Acura TL Type-S 2008,4
4_x_0_9191.jpg,Acura TL Type-S 2008,4
4_x_0_9202.jpg,Acura TL Type-S 2008,4
4_x_0_9207.jpg,Acura TL Type-S 2008,4
4_x_0_9225.jpg,Acura TL Type-S 2008,4
4_x_0_9236.jpg,Acura TL Type-S 2008,4
4_x_0_9255.jpg,Acura TL Type-S 2008,4
4_x_0_9286.jpg,Acura TL Type-S 2008,4
4_x_0_9287.jpg,Acura TL Type-S 2008,4
4_x_0_9289.jpg,Acura TL Type-S 2008,4
4_x_0_9298.jpg,Acura TL Type-S 2008,4
4_x_0_9312.jpg,Acura TL Type-S 2008,4
4_x_0_9323.jpg,Acura TL Type-S 2008,4
4_x_0_9338.jpg,Acura TL Type-S 2008,4
4_x_0_9350.jpg,Acura TL Type-S 2008,4
4_x_0_9396.jpg,Acura TL Type-S 2008,4
4_x_0_9406.jpg,Acura TL Type-S 2008,4
4_x_0_9433.jpg,Acura TL Type-S 2008,4
4_x_0_9436.jpg,Acura TL Type-S 2008,4
4_x_0_9443.jpg,Acura TL Type-S 2008,4
4_x_0_9447.jpg,Acura TL Type-S 2008,4
4_x_0_947.jpg,Acura TL Type-S 2008,4
4_x_0_9474.jpg,Acura TL Type-S 2008,4
4_x_0_9493.jpg,Acura TL Type-S 2008,4
4_x_0_9505.jpg,Acura TL Type-S 2008,4
4_x_0_9555.jpg,Acura TL Type-S 2008,4
4_x_0_9558.jpg,Acura TL Type-S 2008,4
4_x_0_956.jpg,Acura TL Type-S 2008,4
4_x_0_9568.jpg,Acura TL Type-S 2008,4
4_x_0_9575.jpg,Acura TL Type-S 2008,4
4_x_0_9579.jpg,Acura TL Type-S 2008,4
4_x_0_9581.jpg,Acura TL Type-S 2008,4
4_x_0_9593.jpg,Acura TL Type-S 2008,4
4_x_0_9646.jpg,Acura TL Type-S 2008,4
4_x_0_9647.jpg,Acura TL Type-S 2008,4
4_x_0_9677.jpg,Acura TL Type-S 2008,4
4_x_0_968.jpg,Acura TL Type-S 2008,4
4_x_0_9684.jpg,Acura TL Type-S 2008,4
4_x_0_9713.jpg,Acura TL Type-S 2008,4
4_x_0_9719.jpg,Acura TL Type-S 2008,4
4_x_0_9794.jpg,Acura TL Type-S 2008,4
4_x_0_9796.jpg,Acura TL Type-S 2008,4
4_x_0_9815.jpg,Acura TL Type-S 2008,4
4_x_0_9818.jpg,Acura TL Type-S 2008,4
4_x_0_9877.jpg,Acura TL Type-S 2008,4
4_x_0_9890.jpg,Acura TL Type-S 2008,4
4_x_0_9912.jpg,Acura TL Type-S 2008,4
4_x_0_9917.jpg,Acura TL Type-S 2008,4
4_x_0_9922.jpg,Acura TL Type-S 2008,4
4_x_0_994.jpg,Acura TL Type-S 2008,4
4_x_0_9947.jpg,Acura TL Type-S 2008,4
4_x_0_9963.jpg,Acura TL Type-S 2008,4
4_x_0_9968.jpg,Acura TL Type-S 2008,4
4_x_0_9970.jpg,Acura TL Type-S 2008,4
4_x_0_999.jpg,Acura TL Type-S 2008,4
5_x_0_1002.jpg,Acura TSX Sedan 2012,5
5_x_0_1011.jpg,Acura TSX Sedan 2012,5
5_x_0_1033.jpg,Acura TSX Sedan 2012,5
5_x_0_1094.jpg,Acura TSX Sedan 2012,5
5_x_0_1135.jpg,Acura TSX Sedan 2012,5
5_x_0_115.jpg,Acura TSX Sedan 2012,5
5_x_0_1160.jpg,Acura TSX Sedan 2012,5
5_x_0_1163.jpg,Acura TSX Sedan 2012,5
5_x_0_1184.jpg,Acura TSX Sedan 2012,5
5_x_0_1200.jpg,Acura TSX Sedan 2012,5
5_x_0_1210.jpg,Acura TSX Sedan 2012,5
5_x_0_1219.jpg,Acura TSX Sedan 2012,5
5_x_0_1225.jpg,Acura TSX Sedan 2012,5
5_x_0_1230.jpg,Acura TSX Sedan 2012,5
5_x_0_1233.jpg,Acura TSX Sedan 2012,5
5_x_0_124.jpg,Acura TSX Sedan 2012,5
5_x_0_1252.jpg,Acura TSX Sedan 2012,5
5_x_0_1293.jpg,Acura TSX Sedan 2012,5
5_x_0_1301.jpg,Acura TSX Sedan 2012,5
5_x_0_1316.jpg,Acura TSX Sedan 2012,5
5_x_0_1324.jpg,Acura TSX Sedan 2012,5
5_x_0_1341.jpg,Acura TSX Sedan 2012,5
5_x_0_1352.jpg,Acura TSX Sedan 2012,5
5_x_0_1359.jpg,Acura TSX Sedan 2012,5
5_x_0_1372.jpg,Acura TSX Sedan 2012,5
5_x_0_1381.jpg,Acura TSX Sedan 2012,5
5_x_0_1426.jpg,Acura TSX Sedan 2012,5
5_x_0_1452.jpg,Acura TSX Sedan 2012,5
5_x_0_1524.jpg,Acura TSX Sedan 2012,5
5_x_0_1546.jpg,Acura TSX Sedan 2012,5
5_x_0_1597.jpg,Acura TSX Sedan 2012,5
5_x_0_1615.jpg,Acura TSX Sedan 2012,5
5_x_0_17.jpg,Acura TSX Sedan 2012,5
5_x_0_1744.jpg,Acura TSX Sedan 2012,5
5_x_0_1754.jpg,Acura TSX Sedan 2012,5
5_x_0_1798.jpg,Acura TSX Sedan 2012,5
5_x_0_1821.jpg,Acura TSX Sedan 2012,5
5_x_0_1839.jpg,Acura TSX Sedan 2012,5
5_x_0_1840.jpg,Acura TSX Sedan 2012,5
5_x_0_1872.jpg,Acura TSX Sedan 2012,5
5_x_0_1892.jpg,Acura TSX Sedan 2012,5
5_x_0_1896.jpg,Acura TSX Sedan 2012,5
5_x_0_1916.jpg,Acura TSX Sedan 2012,5
5_x_0_1938.jpg,Acura TSX Sedan 2012,5
5_x_0_1943.jpg,Acura TSX Sedan 2012,5
5_x_0_1984.jpg,Acura TSX Sedan 2012,5
5_x_0_1999.jpg,Acura TSX Sedan 2012,5
5_x_0_2020.jpg,Acura TSX Sedan 2012,5
5_x_0_2063.jpg,Acura TSX Sedan 2012,5
5_x_0_2064.jpg,Acura TSX Sedan 2012,5
5_x_0_2069.jpg,Acura TSX Sedan 2012,5
5_x_0_2084.jpg,Acura TSX Sedan 2012,5
5_x_0_2087.jpg,Acura TSX Sedan 2012,5
5_x_0_2089.jpg,Acura TSX Sedan 2012,5
5_x_0_2093.jpg,Acura TSX Sedan 2012,5
5_x_0_2095.jpg,Acura TSX Sedan 2012,5
5_x_0_2110.jpg,Acura TSX Sedan 2012,5
5_x_0_214.jpg,Acura TSX Sedan 2012,5
5_x_0_2163.jpg,Acura TSX Sedan 2012,5
5_x_0_2164.jpg,Acura TSX Sedan 2012,5
5_x_0_217.jpg,Acura TSX Sedan 2012,5
5_x_0_2176.jpg,Acura TSX Sedan 2012,5
5_x_0_2181.jpg,Acura TSX Sedan 2012,5
5_x_0_2195.jpg,Acura TSX Sedan 2012,5
5_x_0_2227.jpg,Acura TSX Sedan 2012,5
5_x_0_2256.jpg,Acura TSX Sedan 2012,5
5_x_0_2300.jpg,Acura TSX Sedan 2012,5
5_x_0_2305.jpg,Acura TSX Sedan 2012,5
5_x_0_2322.jpg,Acura TSX Sedan 2012,5
5_x_0_2358.jpg,Acura TSX Sedan 2012,5
5_x_0_236.jpg,Acura TSX Sedan 2012,5
5_x_0_2361.jpg,Acura TSX Sedan 2012,5
5_x_0_2369.jpg,Acura TSX Sedan 2012,5
5_x_0_2391.jpg,Acura TSX Sedan 2012,5
5_x_0_2408.jpg,Acura TSX Sedan 2012,5
5_x_0_2421.jpg,Acura TSX Sedan 2012,5
5_x_0_243.jpg,Acura TSX Sedan 2012,5
5_x_0_2436.jpg,Acura TSX Sedan 2012,5
5_x_0_2473.jpg,Acura TSX Sedan 2012,5
5_x_0_2506.jpg,Acura TSX Sedan 2012,5
5_x_0_2524.jpg,Acura TSX Sedan 2012,5
5_x_0_2534.jpg,Acura TSX Sedan 2012,5
5_x_0_2555.jpg,Acura TSX Sedan 2012,5
5_x_0_2561.jpg,Acura TSX Sedan 2012,5
5_x_0_2577.jpg,Acura TSX Sedan 2012,5
5_x_0_2583.jpg,Acura TSX Sedan 2012,5
5_x_0_2595.jpg,Acura TSX Sedan 2012,5
5_x_0_2601.jpg,Acura TSX Sedan 2012,5
5_x_0_2603.jpg,Acura TSX Sedan 2012,5
5_x_0_2654.jpg,Acura TSX Sedan 2012,5
5_x_0_2704.jpg,Acura TSX Sedan 2012,5
5_x_0_2707.jpg,Acura TSX Sedan 2012,5
5_x_0_2718.jpg,Acura TSX Sedan 2012,5
5_x_0_2724.jpg,Acura TSX Sedan 2012,5
5_x_0_2730.jpg,Acura TSX Sedan 2012,5
5_x_0_2756.jpg,Acura TSX Sedan 2012,5
5_x_0_2783.jpg,Acura TSX Sedan 2012,5
5_x_0_2812.jpg,Acura TSX Sedan 2012,5
5_x_0_2822.jpg,Acura TSX Sedan 2012,5
5_x_0_2831.jpg,Acura TSX Sedan 2012,5
5_x_0_2856.jpg,Acura TSX Sedan 2012,5
5_x_0_2881.jpg,Acura TSX Sedan 2012,5
5_x_0_2886.jpg,Acura TSX Sedan 2012,5
5_x_0_2897.jpg,Acura TSX Sedan 2012,5
5_x_0_2908.jpg,Acura TSX Sedan 2012,5
5_x_0_292.jpg,Acura TSX Sedan 2012,5
5_x_0_2930.jpg,Acura TSX Sedan 2012,5
5_x_0_2944.jpg,Acura TSX Sedan 2012,5
5_x_0_2949.jpg,Acura TSX Sedan 2012,5
5_x_0_2962.jpg,Acura TSX Sedan 2012,5
5_x_0_2963.jpg,Acura TSX Sedan 2012,5
5_x_0_2964.jpg,Acura TSX Sedan 2012,5
5_x_0_2992.jpg,Acura TSX Sedan 2012,5
5_x_0_3022.jpg,Acura TSX Sedan 2012,5
5_x_0_3025.jpg,Acura TSX Sedan 2012,5
5_x_0_3041.jpg,Acura TSX Sedan 2012,5
5_x_0_3097.jpg,Acura TSX Sedan 2012,5
5_x_0_3105.jpg,Acura TSX Sedan 2012,5
5_x_0_3116.jpg,Acura TSX Sedan 2012,5
5_x_0_3132.jpg,Acura TSX Sedan 2012,5
5_x_0_3166.jpg,Acura TSX Sedan 2012,5
5_x_0_3168.jpg,Acura TSX Sedan 2012,5
5_x_0_3183.jpg,Acura TSX Sedan 2012,5
5_x_0_3188.jpg,Acura TSX Sedan 2012,5
5_x_0_3218.jpg,Acura TSX Sedan 2012,5
5_x_0_3240.jpg,Acura TSX Sedan 2012,5
5_x_0_3244.jpg,Acura TSX Sedan 2012,5
5_x_0_3247.jpg,Acura TSX Sedan 2012,5
5_x_0_3255.jpg,Acura TSX Sedan 2012,5
5_x_0_33.jpg,Acura TSX Sedan 2012,5
5_x_0_3314.jpg,Acura TSX Sedan 2012,5
5_x_0_3316.jpg,Acura TSX Sedan 2012,5
5_x_0_3344.jpg,Acura TSX Sedan 2012,5
5_x_0_3356.jpg,Acura TSX Sedan 2012,5
5_x_0_3361.jpg,Acura TSX Sedan 2012,5
5_x_0_3391.jpg,Acura TSX Sedan 2012,5
5_x_0_3410.jpg,Acura TSX Sedan 2012,5
5_x_0_3423.jpg,Acura TSX Sedan 2012,5
5_x_0_346.jpg,Acura TSX Sedan 2012,5
5_x_0_3486.jpg,Acura TSX Sedan 2012,5
5_x_0_35.jpg,Acura TSX Sedan 2012,5
5_x_0_3516.jpg,Acura TSX Sedan 2012,5
5_x_0_3553.jpg,Acura TSX Sedan 2012,5
5_x_0_3596.jpg,Acura TSX Sedan 2012,5
5_x_0_3603.jpg,Acura TSX Sedan 2012,5
5_x_0_361.jpg,Acura TSX Sedan 2012,5
5_x_0_3639.jpg,Acura TSX Sedan 2012,5
5_x_0_3642.jpg,Acura TSX Sedan 2012,5
5_x_0_3653.jpg,Acura TSX Sedan 2012,5
5_x_0_3677.jpg,Acura TSX Sedan 2012,5
5_x_0_368.jpg,Acura TSX Sedan 2012,5
5_x_0_3680.jpg,Acura TSX Sedan 2012,5
5_x_0_3693.jpg,Acura TSX Sedan 2012,5
5_x_0_3706.jpg,Acura TSX Sedan 2012,5
5_x_0_3708.jpg,Acura TSX Sedan 2012,5
5_x_0_3749.jpg,Acura TSX Sedan 2012,5
5_x_0_3757.jpg,Acura TSX Sedan 2012,5
5_x_0_3803.jpg,Acura TSX Sedan 2012,5
5_x_0_3862.jpg,Acura TSX Sedan 2012,5
5_x_0_3863.jpg,Acura TSX Sedan 2012,5
5_x_0_3920.jpg,Acura TSX Sedan 2012,5
5_x_0_394.jpg,Acura TSX Sedan 2012,5
5_x_0_3946.jpg,Acura TSX Sedan 2012,5
5_x_0_3953.jpg,Acura TSX Sedan 2012,5
5_x_0_3977.jpg,Acura TSX Sedan 2012,5
5_x_0_399.jpg,Acura TSX Sedan 2012,5
5_x_0_4000.jpg,Acura TSX Sedan 2012,5
5_x_0_4010.jpg,Acura TSX Sedan 2012,5
5_x_0_4030.jpg,Acura TSX Sedan 2012,5
5_x_0_4076.jpg,Acura TSX Sedan 2012,5
5_x_0_412.jpg,Acura TSX Sedan 2012,5
5_x_0_4133.jpg,Acura TSX Sedan 2012,5
5_x_0_4136.jpg,Acura TSX Sedan 2012,5
5_x_0_4165.jpg,Acura TSX Sedan 2012,5
5_x_0_4167.jpg,Acura TSX Sedan 2012,5
5_x_0_4168.jpg,Acura TSX Sedan 2012,5
5_x_0_4183.jpg,Acura TSX Sedan 2012,5
5_x_0_4247.jpg,Acura TSX Sedan 2012,5
5_x_0_4265.jpg,Acura TSX Sedan 2012,5
5_x_0_4302.jpg,Acura TSX Sedan 2012,5
5_x_0_4303.jpg,Acura TSX Sedan 2012,5
5_x_0_4325.jpg,Acura TSX Sedan 2012,5
5_x_0_4340.jpg,Acura TSX Sedan 2012,5
5_x_0_4388.jpg,Acura TSX Sedan 2012,5
5_x_0_4415.jpg,Acura TSX Sedan 2012,5
5_x_0_4433.jpg,Acura TSX Sedan 2012,5
5_x_0_4473.jpg,Acura TSX Sedan 2012,5
5_x_0_4542.jpg,Acura TSX Sedan 2012,5
5_x_0_4569.jpg,Acura TSX Sedan 2012,5
5_x_0_4598.jpg,Acura TSX Sedan 2012,5
5_x_0_4611.jpg,Acura TSX Sedan 2012,5
5_x_0_469.jpg,Acura TSX Sedan 2012,5
5_x_0_470.jpg,Acura TSX Sedan 2012,5
5_x_0_4712.jpg,Acura TSX Sedan 2012,5
5_x_0_4713.jpg,Acura TSX Sedan 2012,5
5_x_0_4744.jpg,Acura TSX Sedan 2012,5
5_x_0_4752.jpg,Acura TSX Sedan 2012,5
5_x_0_4753.jpg,Acura TSX Sedan 2012,5
5_x_0_4781.jpg,Acura TSX Sedan 2012,5
5_x_0_4806.jpg,Acura TSX Sedan 2012,5
5_x_0_4840.jpg,Acura TSX Sedan 2012,5
5_x_0_4847.jpg,Acura TSX Sedan 2012,5
5_x_0_4850.jpg,Acura TSX Sedan 2012,5
5_x_0_4859.jpg,Acura TSX Sedan 2012,5
5_x_0_4875.jpg,Acura TSX Sedan 2012,5
5_x_0_4896.jpg,Acura TSX Sedan 2012,5
5_x_0_4912.jpg,Acura TSX Sedan 2012,5
5_x_0_4957.jpg,Acura TSX Sedan 2012,5
5_x_0_4961.jpg,Acura TSX Sedan 2012,5
5_x_0_4986.jpg,Acura TSX Sedan 2012,5
5_x_0_4987.jpg,Acura TSX Sedan 2012,5
5_x_0_504.jpg,Acura TSX Sedan 2012,5
5_x_0_5060.jpg,Acura TSX Sedan 2012,5
5_x_0_5073.jpg,Acura TSX Sedan 2012,5
5_x_0_51.jpg,Acura TSX Sedan 2012,5
5_x_0_5121.jpg,Acura TSX Sedan 2012,5
5_x_0_5124.jpg,Acura TSX Sedan 2012,5
5_x_0_5136.jpg,Acura TSX Sedan 2012,5
5_x_0_5155.jpg,Acura TSX Sedan 2012,5
5_x_0_5160.jpg,Acura TSX Sedan 2012,5
5_x_0_5183.jpg,Acura TSX Sedan 2012,5
5_x_0_5184.jpg,Acura TSX Sedan 2012,5
5_x_0_5200.jpg,Acura TSX Sedan 2012,5
5_x_0_5228.jpg,Acura TSX Sedan 2012,5
5_x_0_5233.jpg,Acura TSX Sedan 2012,5
5_x_0_5246.jpg,Acura TSX Sedan 2012,5
5_x_0_5248.jpg,Acura TSX Sedan 2012,5
5_x_0_526.jpg,Acura TSX Sedan 2012,5
5_x_0_5262.jpg,Acura TSX Sedan 2012,5
5_x_0_5273.jpg,Acura TSX Sedan 2012,5
5_x_0_5282.jpg,Acura TSX Sedan 2012,5
5_x_0_5304.jpg,Acura TSX Sedan 2012,5
5_x_0_5308.jpg,Acura TSX Sedan 2012,5
5_x_0_534.jpg,Acura TSX Sedan 2012,5
5_x_0_5352.jpg,Acura TSX Sedan 2012,5
5_x_0_5360.jpg,Acura TSX Sedan 2012,5
5_x_0_5392.jpg,Acura TSX Sedan 2012,5
5_x_0_5443.jpg,Acura TSX Sedan 2012,5
5_x_0_5456.jpg,Acura TSX Sedan 2012,5
5_x_0_5462.jpg,Acura TSX Sedan 2012,5
5_x_0_5500.jpg,Acura TSX Sedan 2012,5
5_x_0_5509.jpg,Acura TSX Sedan 2012,5
5_x_0_5539.jpg,Acura TSX Sedan 2012,5
5_x_0_5566.jpg,Acura TSX Sedan 2012,5
5_x_0_5579.jpg,Acura TSX Sedan 2012,5
5_x_0_5603.jpg,Acura TSX Sedan 2012,5
5_x_0_5636.jpg,Acura TSX Sedan 2012,5
5_x_0_5652.jpg,Acura TSX Sedan 2012,5
5_x_0_5660.jpg,Acura TSX Sedan 2012,5
5_x_0_5663.jpg,Acura TSX Sedan 2012,5
5_x_0_57.jpg,Acura TSX Sedan 2012,5
5_x_0_5705.jpg,Acura TSX Sedan 2012,5
5_x_0_5724.jpg,Acura TSX Sedan 2012,5
5_x_0_5741.jpg,Acura TSX Sedan 2012,5
5_x_0_5752.jpg,Acura TSX Sedan 2012,5
5_x_0_5761.jpg,Acura TSX Sedan 2012,5
5_x_0_5777.jpg,Acura TSX Sedan 2012,5
5_x_0_5785.jpg,Acura TSX Sedan 2012,5
5_x_0_5903.jpg,Acura TSX Sedan 2012,5
5_x_0_5927.jpg,Acura TSX Sedan 2012,5
5_x_0_5931.jpg,Acura TSX Sedan 2012,5
5_x_0_5932.jpg,Acura TSX Sedan 2012,5
5_x_0_5938.jpg,Acura TSX Sedan 2012,5
5_x_0_5950.jpg,Acura TSX Sedan 2012,5
5_x_0_5990.jpg,Acura TSX Sedan 2012,5
5_x_0_6008.jpg,Acura TSX Sedan 2012,5
5_x_0_6013.jpg,Acura TSX Sedan 2012,5
5_x_0_6039.jpg,Acura TSX Sedan 2012,5
5_x_0_6043.jpg,Acura TSX Sedan 2012,5
5_x_0_6045.jpg,Acura TSX Sedan 2012,5
5_x_0_6058.jpg,Acura TSX Sedan 2012,5
5_x_0_606.jpg,Acura TSX Sedan 2012,5
5_x_0_6062.jpg,Acura TSX Sedan 2012,5
5_x_0_6063.jpg,Acura TSX Sedan 2012,5
5_x_0_6072.jpg,Acura TSX Sedan 2012,5
5_x_0_6095.jpg,Acura TSX Sedan 2012,5
5_x_0_6104.jpg,Acura TSX Sedan 2012,5
5_x_0_6111.jpg,Acura TSX Sedan 2012,5
5_x_0_6122.jpg,Acura TSX Sedan 2012,5
5_x_0_6138.jpg,Acura TSX Sedan 2012,5
5_x_0_6141.jpg,Acura TSX Sedan 2012,5
5_x_0_6149.jpg,Acura TSX Sedan 2012,5
5_x_0_6161.jpg,Acura TSX Sedan 2012,5
5_x_0_6170.jpg,Acura TSX Sedan 2012,5
5_x_0_618.jpg,Acura TSX Sedan 2012,5
5_x_0_6183.jpg,Acura TSX Sedan 2012,5
5_x_0_6188.jpg,Acura TSX Sedan 2012,5
5_x_0_6190.jpg,Acura TSX Sedan 2012,5
5_x_0_6195.jpg,Acura TSX Sedan 2012,5
5_x_0_6237.jpg,Acura TSX Sedan 2012,5
5_x_0_6295.jpg,Acura TSX Sedan 2012,5
5_x_0_6347.jpg,Acura TSX Sedan 2012,5
5_x_0_636.jpg,Acura TSX Sedan 2012,5
5_x_0_637.jpg,Acura TSX Sedan 2012,5
5_x_0_6377.jpg,Acura TSX Sedan 2012,5
5_x_0_6382.jpg,Acura TSX Sedan 2012,5
5_x_0_6417.jpg,Acura TSX Sedan 2012,5
5_x_0_6431.jpg,Acura TSX Sedan 2012,5
5_x_0_647.jpg,Acura TSX Sedan 2012,5
5_x_0_6484.jpg,Acura TSX Sedan 2012,5
5_x_0_6487.jpg,Acura TSX Sedan 2012,5
5_x_0_6502.jpg,Acura TSX Sedan 2012,5
5_x_0_6506.jpg,Acura TSX Sedan 2012,5
5_x_0_6547.jpg,Acura TSX Sedan 2012,5
5_x_0_655.jpg,Acura TSX Sedan 2012,5
5_x_0_6558.jpg,Acura TSX Sedan 2012,5
5_x_0_6564.jpg,Acura TSX Sedan 2012,5
5_x_0_6566.jpg,Acura TSX Sedan 2012,5
5_x_0_6578.jpg,Acura TSX Sedan 2012,5
5_x_0_6579.jpg,Acura TSX Sedan 2012,5
5_x_0_6580.jpg,Acura TSX Sedan 2012,5
5_x_0_6583.jpg,Acura TSX Sedan 2012,5
5_x_0_6591.jpg,Acura TSX Sedan 2012,5
5_x_0_6599.jpg,Acura TSX Sedan 2012,5
5_x_0_660.jpg,Acura TSX Sedan 2012,5
5_x_0_6628.jpg,Acura TSX Sedan 2012,5
5_x_0_664.jpg,Acura TSX Sedan 2012,5
5_x_0_6663.jpg,Acura TSX Sedan 2012,5
5_x_0_6717.jpg,Acura TSX Sedan 2012,5
5_x_0_6725.jpg,Acura TSX Sedan 2012,5
5_x_0_6735.jpg,Acura TSX Sedan 2012,5
5_x_0_6752.jpg,Acura TSX Sedan 2012,5
5_x_0_6804.jpg,Acura TSX Sedan 2012,5
5_x_0_6807.jpg,Acura TSX Sedan 2012,5
5_x_0_6830.jpg,Acura TSX Sedan 2012,5
5_x_0_6836.jpg,Acura TSX Sedan 2012,5
5_x_0_6840.jpg,Acura TSX Sedan 2012,5
5_x_0_6866.jpg,Acura TSX Sedan 2012,5
5_x_0_6901.jpg,Acura TSX Sedan 2012,5
5_x_0_6926.jpg,Acura TSX Sedan 2012,5
5_x_0_6933.jpg,Acura TSX Sedan 2012,5
5_x_0_6938.jpg,Acura TSX Sedan 2012,5
5_x_0_6965.jpg,Acura TSX Sedan 2012,5
5_x_0_6969.jpg,Acura TSX Sedan 2012,5
5_x_0_6976.jpg,Acura TSX Sedan 2012,5
5_x_0_6979.jpg,Acura TSX Sedan 2012,5
5_x_0_6988.jpg,Acura TSX Sedan 2012,5
5_x_0_6992.jpg,Acura TSX Sedan 2012,5
5_x_0_6993.jpg,Acura TSX Sedan 2012,5
5_x_0_7002.jpg,Acura TSX Sedan 2012,5
5_x_0_7007.jpg,Acura TSX Sedan 2012,5
5_x_0_701.jpg,Acura TSX Sedan 2012,5
5_x_0_702.jpg,Acura TSX Sedan 2012,5
5_x_0_7024.jpg,Acura TSX Sedan 2012,5
5_x_0_7026.jpg,Acura TSX Sedan 2012,5
5_x_0_7087.jpg,Acura TSX Sedan 2012,5
5_x_0_7090.jpg,Acura TSX Sedan 2012,5
5_x_0_7096.jpg,Acura TSX Sedan 2012,5
5_x_0_7110.jpg,Acura TSX Sedan 2012,5
5_x_0_7116.jpg,Acura TSX Sedan 2012,5
5_x_0_7141.jpg,Acura TSX Sedan 2012,5
5_x_0_7148.jpg,Acura TSX Sedan 2012,5
5_x_0_7150.jpg,Acura TSX Sedan 2012,5
5_x_0_7170.jpg,Acura TSX Sedan 2012,5
5_x_0_7176.jpg,Acura TSX Sedan 2012,5
5_x_0_7188.jpg,Acura TSX Sedan 2012,5
5_x_0_7191.jpg,Acura TSX Sedan 2012,5
5_x_0_7192.jpg,Acura TSX Sedan 2012,5
5_x_0_7212.jpg,Acura TSX Sedan 2012,5
5_x_0_7244.jpg,Acura TSX Sedan 2012,5
5_x_0_7261.jpg,Acura TSX Sedan 2012,5
5_x_0_7290.jpg,Acura TSX Sedan 2012,5
5_x_0_7310.jpg,Acura TSX Sedan 2012,5
5_x_0_7346.jpg,Acura TSX Sedan 2012,5
5_x_0_738.jpg,Acura TSX Sedan 2012,5
5_x_0_7388.jpg,Acura TSX Sedan 2012,5
5_x_0_7394.jpg,Acura TSX Sedan 2012,5
5_x_0_7434.jpg,Acura TSX Sedan 2012,5
5_x_0_7455.jpg,Acura TSX Sedan 2012,5
5_x_0_7477.jpg,Acura TSX Sedan 2012,5
5_x_0_7487.jpg,Acura TSX Sedan 2012,5
5_x_0_7525.jpg,Acura TSX Sedan 2012,5
5_x_0_7534.jpg,Acura TSX Sedan 2012,5
5_x_0_754.jpg,Acura TSX Sedan 2012,5
5_x_0_757.jpg,Acura TSX Sedan 2012,5
5_x_0_7592.jpg,Acura TSX Sedan 2012,5
5_x_0_7623.jpg,Acura TSX Sedan 2012,5
5_x_0_7633.jpg,Acura TSX Sedan 2012,5
5_x_0_7659.jpg,Acura TSX Sedan 2012,5
5_x_0_7709.jpg,Acura TSX Sedan 2012,5
5_x_0_7761.jpg,Acura TSX Sedan 2012,5
5_x_0_7798.jpg,Acura TSX Sedan 2012,5
5_x_0_7799.jpg,Acura TSX Sedan 2012,5
5_x_0_780.jpg,Acura TSX Sedan 2012,5
5_x_0_7805.jpg,Acura TSX Sedan 2012,5
5_x_0_7827.jpg,Acura TSX Sedan 2012,5
5_x_0_783.jpg,Acura TSX Sedan 2012,5
5_x_0_7830.jpg,Acura TSX Sedan 2012,5
5_x_0_7911.jpg,Acura TSX Sedan 2012,5
5_x_0_7919.jpg,Acura TSX Sedan 2012,5
5_x_0_7921.jpg,Acura TSX Sedan 2012,5
5_x_0_7947.jpg,Acura TSX Sedan 2012,5
5_x_0_7958.jpg,Acura TSX Sedan 2012,5
5_x_0_7968.jpg,Acura TSX Sedan 2012,5
5_x_0_7982.jpg,Acura TSX Sedan 2012,5
5_x_0_7984.jpg,Acura TSX Sedan 2012,5
5_x_0_7985.jpg,Acura TSX Sedan 2012,5
5_x_0_7989.jpg,Acura TSX Sedan 2012,5
5_x_0_8025.jpg,Acura TSX Sedan 2012,5
5_x_0_8036.jpg,Acura TSX Sedan 2012,5
5_x_0_8038.jpg,Acura TSX Sedan 2012,5
5_x_0_8050.jpg,Acura TSX Sedan 2012,5
5_x_0_8115.jpg,Acura TSX Sedan 2012,5
5_x_0_8120.jpg,Acura TSX Sedan 2012,5
5_x_0_8177.jpg,Acura TSX Sedan 2012,5
5_x_0_818.jpg,Acura TSX Sedan 2012,5
5_x_0_8194.jpg,Acura TSX Sedan 2012,5
5_x_0_8216.jpg,Acura TSX Sedan 2012,5
5_x_0_8260.jpg,Acura TSX Sedan 2012,5
5_x_0_8280.jpg,Acura TSX Sedan 2012,5
5_x_0_8310.jpg,Acura TSX Sedan 2012,5
5_x_0_8392.jpg,Acura TSX Sedan 2012,5
5_x_0_8443.jpg,Acura TSX Sedan 2012,5
5_x_0_8454.jpg,Acura TSX Sedan 2012,5
5_x_0_852.jpg,Acura TSX Sedan 2012,5
5_x_0_8533.jpg,Acura TSX Sedan 2012,5
5_x_0_8556.jpg,Acura TSX Sedan 2012,5
5_x_0_8651.jpg,Acura TSX Sedan 2012,5
5_x_0_8687.jpg,Acura TSX Sedan 2012,5
5_x_0_8692.jpg,Acura TSX Sedan 2012,5
5_x_0_8701.jpg,Acura TSX Sedan 2012,5
5_x_0_8763.jpg,Acura TSX Sedan 2012,5
5_x_0_8778.jpg,Acura TSX Sedan 2012,5
5_x_0_8826.jpg,Acura TSX Sedan 2012,5
5_x_0_8861.jpg,Acura TSX Sedan 2012,5
5_x_0_8866.jpg,Acura TSX Sedan 2012,5
5_x_0_8890.jpg,Acura TSX Sedan 2012,5
5_x_0_8896.jpg,Acura TSX Sedan 2012,5
5_x_0_8905.jpg,Acura TSX Sedan 2012,5
5_x_0_8929.jpg,Acura TSX Sedan 2012,5
5_x_0_8957.jpg,Acura TSX Sedan 2012,5
5_x_0_897.jpg,Acura TSX Sedan 2012,5
5_x_0_8989.jpg,Acura TSX Sedan 2012,5
5_x_0_8996.jpg,Acura TSX Sedan 2012,5
5_x_0_9040.jpg,Acura TSX Sedan 2012,5
5_x_0_9056.jpg,Acura TSX Sedan 2012,5
5_x_0_9085.jpg,Acura TSX Sedan 2012,5
5_x_0_910.jpg,Acura TSX Sedan 2012,5
5_x_0_9115.jpg,Acura TSX Sedan 2012,5
5_x_0_9117.jpg,Acura TSX Sedan 2012,5
5_x_0_9147.jpg,Acura TSX Sedan 2012,5
5_x_0_9154.jpg,Acura TSX Sedan 2012,5
5_x_0_9179.jpg,Acura TSX Sedan 2012,5
5_x_0_9214.jpg,Acura TSX Sedan 2012,5
5_x_0_9222.jpg,Acura TSX Sedan 2012,5
5_x_0_9261.jpg,Acura TSX Sedan 2012,5
5_x_0_9266.jpg,Acura TSX Sedan 2012,5
5_x_0_9276.jpg,Acura TSX Sedan 2012,5
5_x_0_9294.jpg,Acura TSX Sedan 2012,5
5_x_0_9295.jpg,Acura TSX Sedan 2012,5
5_x_0_9318.jpg,Acura TSX Sedan 2012,5
5_x_0_9324.jpg,Acura TSX Sedan 2012,5
5_x_0_9328.jpg,Acura TSX Sedan 2012,5
5_x_0_9340.jpg,Acura TSX Sedan 2012,5
5_x_0_9345.jpg,Acura TSX Sedan 2012,5
5_x_0_9351.jpg,Acura TSX Sedan 2012,5
5_x_0_9384.jpg,Acura TSX Sedan 2012,5
5_x_0_9423.jpg,Acura TSX Sedan 2012,5
5_x_0_9427.jpg,Acura TSX Sedan 2012,5
5_x_0_9444.jpg,Acura TSX Sedan 2012,5
5_x_0_9452.jpg,Acura TSX Sedan 2012,5
5_x_0_9460.jpg,Acura TSX Sedan 2012,5
5_x_0_9472.jpg,Acura TSX Sedan 2012,5
5_x_0_9480.jpg,Acura TSX Sedan 2012,5
5_x_0_9484.jpg,Acura TSX Sedan 2012,5
5_x_0_9493.jpg,Acura TSX Sedan 2012,5
5_x_0_9496.jpg,Acura TSX Sedan 2012,5
5_x_0_9549.jpg,Acura TSX Sedan 2012,5
5_x_0_957.jpg,Acura TSX Sedan 2012,5
5_x_0_961.jpg,Acura TSX Sedan 2012,5
5_x_0_9629.jpg,Acura TSX Sedan 2012,5
5_x_0_9632.jpg,Acura TSX Sedan 2012,5
5_x_0_9642.jpg,Acura TSX Sedan 2012,5
5_x_0_9678.jpg,Acura TSX Sedan 2012,5
5_x_0_9686.jpg,Acura TSX Sedan 2012,5
5_x_0_9691.jpg,Acura TSX Sedan 2012,5
5_x_0_9700.jpg,Acura TSX Sedan 2012,5
5_x_0_9702.jpg,Acura TSX Sedan 2012,5
5_x_0_9704.jpg,Acura TSX Sedan 2012,5
5_x_0_9717.jpg,Acura TSX Sedan 2012,5
5_x_0_9725.jpg,Acura TSX Sedan 2012,5
5_x_0_9732.jpg,Acura TSX Sedan 2012,5
5_x_0_9768.jpg,Acura TSX Sedan 2012,5
5_x_0_9777.jpg,Acura TSX Sedan 2012,5
5_x_0_9805.jpg,Acura TSX Sedan 2012,5
5_x_0_9837.jpg,Acura TSX Sedan 2012,5
5_x_0_9842.jpg,Acura TSX Sedan 2012,5
5_x_0_9873.jpg,Acura TSX Sedan 2012,5
5_x_0_9897.jpg,Acura TSX Sedan 2012,5
5_x_0_9912.jpg,Acura TSX Sedan 2012,5
5_x_0_9951.jpg,Acura TSX Sedan 2012,5
5_x_0_9978.jpg,Acura TSX Sedan 2012,5
